ball,row,col,x_mm,y_mm,kind,interface,signal,escape_edge,escape_depth
A1,0,0,-27.000,27.000,ground,GND,,,
A2,0,1,-26.000,27.000,rail,VDD_CORE,,,
A3,0,2,-25.000,27.000,ground,GND,,,
A4,0,3,-24.000,27.000,rail,VDD_CORE,,,
A5,0,4,-23.000,27.000,ground,GND,,,
A6,0,5,-22.000,27.000,rail,VDD_IO_1V8,,,
A7,0,6,-21.000,27.000,ground,GND,,,
A8,0,7,-20.000,27.000,rail,VDD_CORE,,,
A9,0,8,-19.000,27.000,ground,GND,,,
A10,0,9,-18.000,27.000,rail,VDD_CORE,,,
A11,0,10,-17.000,27.000,ground,GND,,,
A12,0,11,-16.000,27.000,rail,VDD_CORE,,,
A13,0,12,-15.000,27.000,ground,GND,,,
A14,0,13,-14.000,27.000,rail,VDD_CORE,,,
A15,0,14,-13.000,27.000,ground,GND,,,
A16,0,15,-12.000,27.000,rail,VDD_IO_1V8,,,
A17,0,16,-11.000,27.000,ground,GND,,,
A18,0,17,-10.000,27.000,rail,VDD_CORE,,,
A19,0,18,-9.000,27.000,ground,GND,,,
A20,0,19,-8.000,27.000,rail,VDD_CORE,,,
A21,0,20,-7.000,27.000,ground,GND,,,
A22,0,21,-6.000,27.000,rail,VDD_CORE,,,
A23,0,22,-5.000,27.000,ground,GND,,,
A24,0,23,-4.000,27.000,rail,VDD_CORE,,,
A25,0,24,-3.000,27.000,ground,GND,,,
A26,0,25,-2.000,27.000,rail,VDD_IO_1V8,,,
A27,0,26,-1.000,27.000,ground,GND,,,
A28,0,27,0.000,27.000,rail,VDD_CORE,,,
A29,0,28,1.000,27.000,ground,GND,,,
A30,0,29,2.000,27.000,rail,VDD_CORE,,,
A31,0,30,3.000,27.000,ground,GND,,,
A32,0,31,4.000,27.000,rail,VDD_CORE,,,
A33,0,32,5.000,27.000,ground,GND,,,
A34,0,33,6.000,27.000,rail,VDD_CORE,,,
A35,0,34,7.000,27.000,ground,GND,,,
A36,0,35,8.000,27.000,rail,VDD_IO_1V8,,,
A37,0,36,9.000,27.000,ground,GND,,,
A38,0,37,10.000,27.000,rail,VDD_CORE,,,
A39,0,38,11.000,27.000,ground,GND,,,
A40,0,39,12.000,27.000,rail,VDD_CORE,,,
A41,0,40,13.000,27.000,ground,GND,,,
A42,0,41,14.000,27.000,rail,VDD_CORE,,,
A43,0,42,15.000,27.000,ground,GND,,,
A44,0,43,16.000,27.000,rail,VDD_CORE,,,
A45,0,44,17.000,27.000,ground,GND,,,
A46,0,45,18.000,27.000,rail,VDD_IO_1V8,,,
A47,0,46,19.000,27.000,ground,GND,,,
A48,0,47,20.000,27.000,rail,VDD_CORE,,,
A49,0,48,21.000,27.000,ground,GND,,,
A50,0,49,22.000,27.000,rail,VDD_CORE,,,
A51,0,50,23.000,27.000,ground,GND,,,
A52,0,51,24.000,27.000,rail,VDD_CORE,,,
A53,0,52,25.000,27.000,ground,GND,,,
A54,0,53,26.000,27.000,rail,VDD_CORE,,,
A55,0,54,27.000,27.000,ground,GND,,,
B1,1,0,-27.000,26.000,rail,VDD_CORE,,,
B2,1,1,-26.000,26.000,ground,GND,,,
B3,1,2,-25.000,26.000,rail,VDD_CORE,,,
B4,1,3,-24.000,26.000,ground,GND,,,
B5,1,4,-23.000,26.000,rail,VDD_CORE,,,
B6,1,5,-22.000,26.000,ground,GND,,,
B7,1,6,-21.000,26.000,rail,VDD_IO_1V8,,,
B8,1,7,-20.000,26.000,ground,GND,,,
B9,1,8,-19.000,26.000,rail,VDD_CORE,,,
B10,1,9,-18.000,26.000,ground,GND,,,
B11,1,10,-17.000,26.000,rail,VDD_CORE,,,
B12,1,11,-16.000,26.000,ground,GND,,,
B13,1,12,-15.000,26.000,rail,VDD_CORE,,,
B14,1,13,-14.000,26.000,ground,GND,,,
B15,1,14,-13.000,26.000,rail,VDD_CORE,,,
B16,1,15,-12.000,26.000,ground,GND,,,
B17,1,16,-11.000,26.000,rail,VDD_IO_1V8,,,
B18,1,17,-10.000,26.000,ground,GND,,,
B19,1,18,-9.000,26.000,rail,VDD_CORE,,,
B20,1,19,-8.000,26.000,ground,GND,,,
B21,1,20,-7.000,26.000,rail,VDD_CORE,,,
B22,1,21,-6.000,26.000,ground,GND,,,
B23,1,22,-5.000,26.000,rail,VDD_CORE,,,
B24,1,23,-4.000,26.000,ground,GND,,,
B25,1,24,-3.000,26.000,rail,VDD_CORE,,,
B26,1,25,-2.000,26.000,ground,GND,,,
B27,1,26,-1.000,26.000,rail,VDD_IO_1V8,,,
B28,1,27,0.000,26.000,ground,GND,,,
B29,1,28,1.000,26.000,rail,VDD_CORE,,,
B30,1,29,2.000,26.000,ground,GND,,,
B31,1,30,3.000,26.000,rail,VDD_CORE,,,
B32,1,31,4.000,26.000,ground,GND,,,
B33,1,32,5.000,26.000,rail,VDD_CORE,,,
B34,1,33,6.000,26.000,ground,GND,,,
B35,1,34,7.000,26.000,rail,VDD_CORE,,,
B36,1,35,8.000,26.000,ground,GND,,,
B37,1,36,9.000,26.000,rail,VDD_PLL_0V9,,,
B38,1,37,10.000,26.000,ground,GND,,,
B39,1,38,11.000,26.000,rail,VDD_CORE,,,
B40,1,39,12.000,26.000,ground,GND,,,
B41,1,40,13.000,26.000,rail,VDD_CORE,,,
B42,1,41,14.000,26.000,ground,GND,,,
B43,1,42,15.000,26.000,rail,VDD_CORE,,,
B44,1,43,16.000,26.000,ground,GND,,,
B45,1,44,17.000,26.000,rail,VDD_CORE,,,
B46,1,45,18.000,26.000,ground,GND,,,
B47,1,46,19.000,26.000,rail,VDD_PLL_0V9,,,
B48,1,47,20.000,26.000,ground,GND,,,
B49,1,48,21.000,26.000,rail,VDD_CORE,,,
B50,1,49,22.000,26.000,ground,GND,,,
B51,1,50,23.000,26.000,rail,VDD_CORE,,,
B52,1,51,24.000,26.000,ground,GND,,,
B53,1,52,25.000,26.000,rail,VDD_CORE,,,
B54,1,53,26.000,26.000,ground,GND,,,
B55,1,54,27.000,26.000,rail,VDD_CORE,,,
C1,2,0,-27.000,25.000,ground,GND,,,
C2,2,1,-26.000,25.000,rail,VDD_CORE,,,
C3,2,2,-25.000,25.000,ground,GND,,,
C4,2,3,-24.000,25.000,rail,VDD_CORE,,,
C5,2,4,-23.000,25.000,ground,GND,,,
C6,2,5,-22.000,25.000,rail,VDD_CORE,,,
C7,2,6,-21.000,25.000,ground,GND,,,
C8,2,7,-20.000,25.000,rail,VDD_HBM_1V1,,,
C9,2,8,-19.000,25.000,ground,GND,,,
C10,2,9,-18.000,25.000,rail,VDD_CORE,,,
C11,2,10,-17.000,25.000,ground,GND,,,
C12,2,11,-16.000,25.000,rail,VDD_CORE,,,
C13,2,12,-15.000,25.000,ground,GND,,,
C14,2,13,-14.000,25.000,rail,VDD_CORE,,,
C15,2,14,-13.000,25.000,ground,GND,,,
C16,2,15,-12.000,25.000,rail,VDD_CORE,,,
C17,2,16,-11.000,25.000,ground,GND,,,
C18,2,17,-10.000,25.000,rail,VDD_HBM_1V1,,,
C19,2,18,-9.000,25.000,ground,GND,,,
C20,2,19,-8.000,25.000,rail,VDD_CORE,,,
C21,2,20,-7.000,25.000,ground,GND,,,
C22,2,21,-6.000,25.000,rail,VDD_CORE,,,
C23,2,22,-5.000,25.000,ground,GND,,,
C24,2,23,-4.000,25.000,rail,VDD_CORE,,,
C25,2,24,-3.000,25.000,ground,GND,,,
C26,2,25,-2.000,25.000,rail,VDD_CORE,,,
C27,2,26,-1.000,25.000,ground,GND,,,
C28,2,27,0.000,25.000,rail,VDD_HBM_1V1,,,
C29,2,28,1.000,25.000,ground,GND,,,
C30,2,29,2.000,25.000,rail,VDD_CORE,,,
C31,2,30,3.000,25.000,ground,GND,,,
C32,2,31,4.000,25.000,rail,VDD_CORE,,,
C33,2,32,5.000,25.000,ground,GND,,,
C34,2,33,6.000,25.000,rail,VDD_CORE,,,
C35,2,34,7.000,25.000,ground,GND,,,
C36,2,35,8.000,25.000,rail,VDD_CORE,,,
C37,2,36,9.000,25.000,ground,GND,,,
C38,2,37,10.000,25.000,rail,VDD_HBM_1V1,,,
C39,2,38,11.000,25.000,ground,GND,,,
C40,2,39,12.000,25.000,rail,VDD_CORE,,,
C41,2,40,13.000,25.000,ground,GND,,,
C42,2,41,14.000,25.000,rail,VDD_CORE,,,
C43,2,42,15.000,25.000,ground,GND,,,
C44,2,43,16.000,25.000,rail,VDD_CORE,,,
C45,2,44,17.000,25.000,ground,GND,,,
C46,2,45,18.000,25.000,rail,VDD_CORE,,,
C47,2,46,19.000,25.000,ground,GND,,,
C48,2,47,20.000,25.000,rail,VDD_HBM_1V1,,,
C49,2,48,21.000,25.000,ground,GND,,,
C50,2,49,22.000,25.000,rail,VDD_CORE,,,
C51,2,50,23.000,25.000,ground,GND,,,
C52,2,51,24.000,25.000,rail,VDD_CORE,,,
C53,2,52,25.000,25.000,ground,GND,,,
C54,2,53,26.000,25.000,rail,VDD_CORE,,,
C55,2,54,27.000,25.000,ground,GND,,,
D1,3,0,-27.000,24.000,rail,VDD_CORE,,,
D2,3,1,-26.000,24.000,ground,GND,,,
D3,3,2,-25.000,24.000,rail,VDD_CORE,,,
D4,3,3,-24.000,24.000,ground,GND,,,
D5,3,4,-23.000,24.000,rail,VDD_CORE,,,
D6,3,5,-22.000,24.000,ground,GND,,,
D7,3,6,-21.000,24.000,rail,VDD_CORE,,,
D8,3,7,-20.000,24.000,ground,GND,,,
D9,3,8,-19.000,24.000,rail,VDD_HBM_1V1,,,
D10,3,9,-18.000,24.000,ground,GND,,,
D11,3,10,-17.000,24.000,rail,VDD_CORE,,,
D12,3,11,-16.000,24.000,ground,GND,,,
D13,3,12,-15.000,24.000,rail,VDD_CORE,,,
D14,3,13,-14.000,24.000,ground,GND,,,
D15,3,14,-13.000,24.000,rail,VDD_CORE,,,
D16,3,15,-12.000,24.000,ground,GND,,,
D17,3,16,-11.000,24.000,rail,VDD_CORE,,,
D18,3,17,-10.000,24.000,ground,GND,,,
D19,3,18,-9.000,24.000,rail,VDD_HBM_1V1,,,
D20,3,19,-8.000,24.000,ground,GND,,,
D21,3,20,-7.000,24.000,rail,VDD_CORE,,,
D22,3,21,-6.000,24.000,ground,GND,,,
D23,3,22,-5.000,24.000,rail,VDD_CORE,,,
D24,3,23,-4.000,24.000,ground,GND,,,
D25,3,24,-3.000,24.000,rail,VDD_CORE,,,
D26,3,25,-2.000,24.000,ground,GND,,,
D27,3,26,-1.000,24.000,rail,VDD_CORE,,,
D28,3,27,0.000,24.000,ground,GND,,,
D29,3,28,1.000,24.000,rail,VDD_HBM_1V1,,,
D30,3,29,2.000,24.000,ground,GND,,,
D31,3,30,3.000,24.000,rail,VDD_CORE,,,
D32,3,31,4.000,24.000,ground,GND,,,
D33,3,32,5.000,24.000,rail,VDD_CORE,,,
D34,3,33,6.000,24.000,ground,GND,,,
D35,3,34,7.000,24.000,rail,VDD_CORE,,,
D36,3,35,8.000,24.000,ground,GND,,,
D37,3,36,9.000,24.000,rail,VDD_CORE,,,
D38,3,37,10.000,24.000,ground,GND,,,
D39,3,38,11.000,24.000,rail,VDD_HBM_1V1,,,
D40,3,39,12.000,24.000,ground,GND,,,
D41,3,40,13.000,24.000,rail,VDD_CORE,,,
D42,3,41,14.000,24.000,ground,GND,,,
D43,3,42,15.000,24.000,rail,VDD_CORE,,,
D44,3,43,16.000,24.000,ground,GND,,,
D45,3,44,17.000,24.000,rail,VDD_CORE,,,
D46,3,45,18.000,24.000,ground,GND,,,
D47,3,46,19.000,24.000,rail,VDD_CORE,,,
D48,3,47,20.000,24.000,ground,GND,,,
D49,3,48,21.000,24.000,rail,VDD_HBM_1V1,,,
D50,3,49,22.000,24.000,ground,GND,,,
D51,3,50,23.000,24.000,rail,VDD_CORE,,,
D52,3,51,24.000,24.000,ground,GND,,,
D53,3,52,25.000,24.000,rail,VDD_CORE,,,
D54,3,53,26.000,24.000,ground,GND,,,
D55,3,54,27.000,24.000,rail,VDD_CORE,,,
E1,4,0,-27.000,23.000,ground,GND,,,
E2,4,1,-26.000,23.000,rail,VDD_CORE,,,
E3,4,2,-25.000,23.000,ground,GND,,,
E4,4,3,-24.000,23.000,rail,VDD_CORE,,,
E5,4,4,-23.000,23.000,ground,GND,,,
E6,4,5,-22.000,23.000,rail,VDD_CORE,,,
E7,4,6,-21.000,23.000,ground,GND,,,
E8,4,7,-20.000,23.000,rail,VDD_CORE,,,
E9,4,8,-19.000,23.000,ground,GND,,,
E10,4,9,-18.000,23.000,rail,VDD_HBM_1V1,,,
E11,4,10,-17.000,23.000,ground,GND,,,
E12,4,11,-16.000,23.000,rail,VDD_CORE,,,
E13,4,12,-15.000,23.000,ground,GND,,,
E14,4,13,-14.000,23.000,rail,VDD_CORE,,,
E15,4,14,-13.000,23.000,ground,GND,,,
E16,4,15,-12.000,23.000,rail,VDD_CORE,,,
E17,4,16,-11.000,23.000,ground,GND,,,
E18,4,17,-10.000,23.000,rail,VDD_CORE,,,
E19,4,18,-9.000,23.000,ground,GND,,,
E20,4,19,-8.000,23.000,rail,VDD_HBM_1V1,,,
E21,4,20,-7.000,23.000,ground,GND,,,
E22,4,21,-6.000,23.000,rail,VDD_CORE,,,
E23,4,22,-5.000,23.000,ground,GND,,,
E24,4,23,-4.000,23.000,rail,VDD_CORE,,,
E25,4,24,-3.000,23.000,ground,GND,,,
E26,4,25,-2.000,23.000,rail,VDD_CORE,,,
E27,4,26,-1.000,23.000,ground,GND,,,
E28,4,27,0.000,23.000,rail,VDD_CORE,,,
E29,4,28,1.000,23.000,ground,GND,,,
E30,4,29,2.000,23.000,rail,VDD_HBM_1V1,,,
E31,4,30,3.000,23.000,ground,GND,,,
E32,4,31,4.000,23.000,rail,VDD_CORE,,,
E33,4,32,5.000,23.000,ground,GND,,,
E34,4,33,6.000,23.000,rail,VDD_CORE,,,
E35,4,34,7.000,23.000,ground,GND,,,
E36,4,35,8.000,23.000,rail,VDD_CORE,,,
E37,4,36,9.000,23.000,ground,GND,,,
E38,4,37,10.000,23.000,rail,VDD_CORE,,,
E39,4,38,11.000,23.000,ground,GND,,,
E40,4,39,12.000,23.000,rail,VDD_HBM_1V1,,,
E41,4,40,13.000,23.000,ground,GND,,,
E42,4,41,14.000,23.000,rail,VDD_CORE,,,
E43,4,42,15.000,23.000,ground,GND,,,
E44,4,43,16.000,23.000,rail,VDD_CORE,,,
E45,4,44,17.000,23.000,ground,GND,,,
E46,4,45,18.000,23.000,rail,VDD_CORE,,,
E47,4,46,19.000,23.000,ground,GND,,,
E48,4,47,20.000,23.000,rail,VDD_CORE,,,
E49,4,48,21.000,23.000,ground,GND,,,
E50,4,49,22.000,23.000,rail,VDD_HBM_1V1,,,
E51,4,50,23.000,23.000,ground,GND,,,
E52,4,51,24.000,23.000,rail,VDD_CORE,,,
E53,4,52,25.000,23.000,ground,GND,,,
E54,4,53,26.000,23.000,rail,VDD_CORE,,,
E55,4,54,27.000,23.000,ground,GND,,,
F1,5,0,-27.000,22.000,rail,VDD_HBM_1V1,,,
F2,5,1,-26.000,22.000,ground,GND,,,
F3,5,2,-25.000,22.000,rail,VDD_CORE,,,
F4,5,3,-24.000,22.000,ground,GND,,,
F5,5,4,-23.000,22.000,rail,VDD_CORE,,,
F6,5,5,-22.000,22.000,ground,GND,,,
F7,5,6,-21.000,22.000,rail,VDD_CORE,,,
F8,5,7,-20.000,22.000,ground,GND,,,
F9,5,8,-19.000,22.000,rail,VDD_CORE,,,
F10,5,9,-18.000,22.000,ground,GND,,,
F11,5,10,-17.000,22.000,rail,VDD_HBM_1V1,,,
F12,5,11,-16.000,22.000,ground,GND,,,
F13,5,12,-15.000,22.000,rail,VDD_CORE,,,
F14,5,13,-14.000,22.000,ground,GND,,,
F15,5,14,-13.000,22.000,rail,VDD_CORE,,,
F16,5,15,-12.000,22.000,ground,GND,,,
F17,5,16,-11.000,22.000,rail,VDD_CORE,,,
F18,5,17,-10.000,22.000,ground,GND,,,
F19,5,18,-9.000,22.000,rail,VDD_CORE,,,
F20,5,19,-8.000,22.000,ground,GND,,,
F21,5,20,-7.000,22.000,rail,VDD_HBM_1V1,,,
F22,5,21,-6.000,22.000,ground,GND,,,
F23,5,22,-5.000,22.000,rail,VDD_CORE,,,
F24,5,23,-4.000,22.000,ground,GND,,,
F25,5,24,-3.000,22.000,rail,VDD_CORE,,,
F26,5,25,-2.000,22.000,ground,GND,,,
F27,5,26,-1.000,22.000,rail,VDD_CORE,,,
F28,5,27,0.000,22.000,ground,GND,,,
F29,5,28,1.000,22.000,rail,VDD_CORE,,,
F30,5,29,2.000,22.000,ground,GND,,,
F31,5,30,3.000,22.000,rail,VDD_HBM_1V1,,,
F32,5,31,4.000,22.000,ground,GND,,,
F33,5,32,5.000,22.000,rail,VDD_CORE,,,
F34,5,33,6.000,22.000,ground,GND,,,
F35,5,34,7.000,22.000,rail,VDD_CORE,,,
F36,5,35,8.000,22.000,ground,GND,,,
F37,5,36,9.000,22.000,rail,VDD_CORE,,,
F38,5,37,10.000,22.000,ground,GND,,,
F39,5,38,11.000,22.000,rail,VDD_CORE,,,
F40,5,39,12.000,22.000,ground,GND,,,
F41,5,40,13.000,22.000,rail,VDD_HBM_1V1,,,
F42,5,41,14.000,22.000,ground,GND,,,
F43,5,42,15.000,22.000,rail,VDD_CORE,,,
F44,5,43,16.000,22.000,ground,GND,,,
F45,5,44,17.000,22.000,rail,VDD_CORE,,,
F46,5,45,18.000,22.000,ground,GND,,,
F47,5,46,19.000,22.000,rail,VDD_CORE,,,
F48,5,47,20.000,22.000,ground,GND,,,
F49,5,48,21.000,22.000,rail,VDD_CORE,,,
F50,5,49,22.000,22.000,ground,GND,,,
F51,5,50,23.000,22.000,rail,VDD_HBM_1V1,,,
F52,5,51,24.000,22.000,ground,GND,,,
F53,5,52,25.000,22.000,rail,VDD_CORE,,,
F54,5,53,26.000,22.000,ground,GND,,,
F55,5,54,27.000,22.000,rail,VDD_CORE,,,
G1,6,0,-27.000,21.000,ground,GND,,,
G2,6,1,-26.000,21.000,rail,VDD_HBM_1V1,,,
G3,6,2,-25.000,21.000,ground,GND,,,
G4,6,3,-24.000,21.000,rail,VDD_CORE,,,
G5,6,4,-23.000,21.000,ground,GND,,,
G6,6,5,-22.000,21.000,rail,VDD_CORE,,,
G7,6,6,-21.000,21.000,ground,GND,,,
G8,6,7,-20.000,21.000,rail,VDD_CORE,,,
G9,6,8,-19.000,21.000,ground,GND,,,
G10,6,9,-18.000,21.000,rail,VDD_CORE,,,
G11,6,10,-17.000,21.000,ground,GND,,,
G12,6,11,-16.000,21.000,rail,VDD_HBM_1V1,,,
G13,6,12,-15.000,21.000,ground,GND,,,
G14,6,13,-14.000,21.000,rail,VDD_CORE,,,
G15,6,14,-13.000,21.000,ground,GND,,,
G16,6,15,-12.000,21.000,rail,VDD_CORE,,,
G17,6,16,-11.000,21.000,ground,GND,,,
G18,6,17,-10.000,21.000,rail,VDD_CORE,,,
G19,6,18,-9.000,21.000,ground,GND,,,
G20,6,19,-8.000,21.000,rail,VDD_CORE,,,
G21,6,20,-7.000,21.000,ground,GND,,,
G22,6,21,-6.000,21.000,rail,VDD_HBM_1V1,,,
G23,6,22,-5.000,21.000,ground,GND,,,
G24,6,23,-4.000,21.000,rail,VDD_CORE,,,
G25,6,24,-3.000,21.000,ground,GND,,,
G26,6,25,-2.000,21.000,rail,VDD_CORE,,,
G27,6,26,-1.000,21.000,ground,GND,,,
G28,6,27,0.000,21.000,rail,VDD_CORE,,,
G29,6,28,1.000,21.000,ground,GND,,,
G30,6,29,2.000,21.000,rail,VDD_CORE,,,
G31,6,30,3.000,21.000,ground,GND,,,
G32,6,31,4.000,21.000,rail,VDDQ_HBM_0V4,,,
G33,6,32,5.000,21.000,ground,GND,,,
G34,6,33,6.000,21.000,rail,VDD_CORE,,,
G35,6,34,7.000,21.000,ground,GND,,,
G36,6,35,8.000,21.000,rail,VDD_CORE,,,
G37,6,36,9.000,21.000,ground,GND,,,
G38,6,37,10.000,21.000,rail,VDD_CORE,,,
G39,6,38,11.000,21.000,ground,GND,,,
G40,6,39,12.000,21.000,rail,VDD_CORE,,,
G41,6,40,13.000,21.000,ground,GND,,,
G42,6,41,14.000,21.000,rail,VDDQ_HBM_0V4,,,
G43,6,42,15.000,21.000,ground,GND,,,
G44,6,43,16.000,21.000,rail,VDD_CORE,,,
G45,6,44,17.000,21.000,ground,GND,,,
G46,6,45,18.000,21.000,rail,VDD_CORE,,,
G47,6,46,19.000,21.000,ground,GND,,,
G48,6,47,20.000,21.000,rail,VDD_CORE,,,
G49,6,48,21.000,21.000,ground,GND,,,
G50,6,49,22.000,21.000,rail,VDD_CORE,,,
G51,6,50,23.000,21.000,ground,GND,,,
G52,6,51,24.000,21.000,rail,VDDQ_HBM_0V4,,,
G53,6,52,25.000,21.000,ground,GND,,,
G54,6,53,26.000,21.000,rail,VDD_CORE,,,
G55,6,54,27.000,21.000,ground,GND,,,
H1,7,0,-27.000,20.000,rail,VDD_CORE,,,
H2,7,1,-26.000,20.000,ground,GND,,,
H3,7,2,-25.000,20.000,rail,VDDQ_HBM_0V4,,,
H4,7,3,-24.000,20.000,ground,GND,,,
H5,7,4,-23.000,20.000,rail,VDD_CORE,,,
H6,7,5,-22.000,20.000,ground,GND,,,
H7,7,6,-21.000,20.000,rail,VDD_CORE,,,
H8,7,7,-20.000,20.000,ground,GND,,,
H9,7,8,-19.000,20.000,rail,VDD_CORE,,,
H10,7,9,-18.000,20.000,ground,GND,,,
H11,7,10,-17.000,20.000,rail,VDD_CORE,,,
H12,7,11,-16.000,20.000,ground,GND,,,
H13,7,12,-15.000,20.000,rail,VDDQ_HBM_0V4,,,
H14,7,13,-14.000,20.000,ground,GND,,,
H15,7,14,-13.000,20.000,rail,VDD_CORE,,,
H16,7,15,-12.000,20.000,ground,GND,,,
H17,7,16,-11.000,20.000,rail,VDD_CORE,,,
H18,7,17,-10.000,20.000,ground,GND,,,
H19,7,18,-9.000,20.000,rail,VDD_CORE,,,
H20,7,19,-8.000,20.000,ground,GND,,,
H21,7,20,-7.000,20.000,rail,VDD_CORE,,,
H22,7,21,-6.000,20.000,ground,GND,,,
H23,7,22,-5.000,20.000,rail,VDDQ_HBM_0V4,,,
H24,7,23,-4.000,20.000,ground,GND,,,
H25,7,24,-3.000,20.000,rail,VDD_CORE,,,
H26,7,25,-2.000,20.000,ground,GND,,,
H27,7,26,-1.000,20.000,rail,VDD_CORE,,,
H28,7,27,0.000,20.000,ground,GND,,,
H29,7,28,1.000,20.000,rail,VDD_CORE,,,
H30,7,29,2.000,20.000,ground,GND,,,
H31,7,30,3.000,20.000,rail,VDD_CORE,,,
H32,7,31,4.000,20.000,ground,GND,,,
H33,7,32,5.000,20.000,rail,VDDQ_HBM_0V4,,,
H34,7,33,6.000,20.000,ground,GND,,,
H35,7,34,7.000,20.000,rail,VDD_CORE,,,
H36,7,35,8.000,20.000,ground,GND,,,
H37,7,36,9.000,20.000,rail,VDD_CORE,,,
H38,7,37,10.000,20.000,ground,GND,,,
H39,7,38,11.000,20.000,rail,VDD_CORE,,,
H40,7,39,12.000,20.000,ground,GND,,,
H41,7,40,13.000,20.000,rail,VDD_CORE,,,
H42,7,41,14.000,20.000,ground,GND,,,
H43,7,42,15.000,20.000,rail,VDDQ_HBM_0V4,,,
H44,7,43,16.000,20.000,ground,GND,,,
H45,7,44,17.000,20.000,rail,VDD_CORE,,,
H46,7,45,18.000,20.000,ground,GND,,,
H47,7,46,19.000,20.000,rail,VDD_CORE,,,
H48,7,47,20.000,20.000,ground,GND,,,
H49,7,48,21.000,20.000,rail,VDD_CORE,,,
H50,7,49,22.000,20.000,ground,GND,,,
H51,7,50,23.000,20.000,rail,VDD_CORE,,,
H52,7,51,24.000,20.000,ground,GND,,,
H53,7,52,25.000,20.000,rail,VDDQ_HBM_0V4,,,
H54,7,53,26.000,20.000,ground,GND,,,
H55,7,54,27.000,20.000,rail,VDD_CORE,,,
J1,8,0,-27.000,19.000,ground,GND,,,
J2,8,1,-26.000,19.000,rail,VDD_CORE,,,
J3,8,2,-25.000,19.000,ground,GND,,,
J4,8,3,-24.000,19.000,rail,VDDQ_HBM_0V4,,,
J5,8,4,-23.000,19.000,ground,GND,,,
J6,8,5,-22.000,19.000,rail,VDD_CORE,,,
J7,8,6,-21.000,19.000,ground,GND,,,
J8,8,7,-20.000,19.000,rail,VDD_CORE,,,
J9,8,8,-19.000,19.000,ground,GND,,,
J10,8,9,-18.000,19.000,rail,VDD_CORE,,,
J11,8,10,-17.000,19.000,ground,GND,,,
J12,8,11,-16.000,19.000,rail,VDD_CORE,,,
J13,8,12,-15.000,19.000,ground,GND,,,
J14,8,13,-14.000,19.000,rail,VDDQ_HBM_0V4,,,
J15,8,14,-13.000,19.000,ground,GND,,,
J16,8,15,-12.000,19.000,rail,VDD_CORE,,,
J17,8,16,-11.000,19.000,ground,GND,,,
J18,8,17,-10.000,19.000,rail,VDD_CORE,,,
J19,8,18,-9.000,19.000,ground,GND,,,
J20,8,19,-8.000,19.000,rail,VDD_CORE,,,
J21,8,20,-7.000,19.000,ground,GND,,,
J22,8,21,-6.000,19.000,rail,VDD_CORE,,,
J23,8,22,-5.000,19.000,ground,GND,,,
J24,8,23,-4.000,19.000,rail,VDDQ_HBM_0V4,,,
J25,8,24,-3.000,19.000,ground,GND,,,
J26,8,25,-2.000,19.000,rail,VDD_CORE,,,
J27,8,26,-1.000,19.000,ground,GND,,,
J28,8,27,0.000,19.000,rail,VDD_CORE,,,
J29,8,28,1.000,19.000,ground,GND,,,
J30,8,29,2.000,19.000,rail,VDD_CORE,,,
J31,8,30,3.000,19.000,ground,GND,,,
J32,8,31,4.000,19.000,rail,VDD_CORE,,,
J33,8,32,5.000,19.000,ground,GND,,,
J34,8,33,6.000,19.000,rail,VDD_CORE,,,
J35,8,34,7.000,19.000,ground,GND,,,
J36,8,35,8.000,19.000,rail,VDD_CORE,,,
J37,8,36,9.000,19.000,ground,GND,,,
J38,8,37,10.000,19.000,rail,VDD_CORE,,,
J39,8,38,11.000,19.000,ground,GND,,,
J40,8,39,12.000,19.000,rail,VDD_CORE,,,
J41,8,40,13.000,19.000,ground,GND,,,
J42,8,41,14.000,19.000,rail,VDD_CORE,,,
J43,8,42,15.000,19.000,ground,GND,,,
J44,8,43,16.000,19.000,rail,VDD_CORE,,,
J45,8,44,17.000,19.000,ground,GND,,,
J46,8,45,18.000,19.000,rail,VDD_CORE,,,
J47,8,46,19.000,19.000,ground,GND,,,
J48,8,47,20.000,19.000,rail,VDD_CORE,,,
J49,8,48,21.000,19.000,ground,GND,,,
J50,8,49,22.000,19.000,rail,VDD_CORE,,,
J51,8,50,23.000,19.000,ground,GND,,,
J52,8,51,24.000,19.000,rail,VDD_CORE,,,
J53,8,52,25.000,19.000,ground,GND,,,
J54,8,53,26.000,19.000,rail,VDD_CORE,,,
J55,8,54,27.000,19.000,ground,GND,,,
K1,9,0,-27.000,18.000,rail,VDD_CORE,,,
K2,9,1,-26.000,18.000,ground,GND,,,
K3,9,2,-25.000,18.000,rail,VDD_CORE,,,
K4,9,3,-24.000,18.000,ground,GND,,,
K5,9,4,-23.000,18.000,rail,VDD_CORE,,,
K6,9,5,-22.000,18.000,ground,GND,,,
K7,9,6,-21.000,18.000,rail,VDD_CORE,,,
K8,9,7,-20.000,18.000,ground,GND,,,
K9,9,8,-19.000,18.000,rail,VDD_CORE,,,
K10,9,9,-18.000,18.000,ground,GND,,,
K11,9,10,-17.000,18.000,rail,VDD_CORE,,,
K12,9,11,-16.000,18.000,ground,GND,,,
K13,9,12,-15.000,18.000,rail,VDD_CORE,,,
K14,9,13,-14.000,18.000,ground,GND,,,
K15,9,14,-13.000,18.000,rail,VDD_CORE,,,
K16,9,15,-12.000,18.000,ground,GND,,,
K17,9,16,-11.000,18.000,rail,VDD_CORE,,,
K18,9,17,-10.000,18.000,ground,GND,,,
K19,9,18,-9.000,18.000,rail,VDD_CORE,,,
K20,9,19,-8.000,18.000,ground,GND,,,
K21,9,20,-7.000,18.000,rail,VDD_CORE,,,
K22,9,21,-6.000,18.000,ground,GND,,,
K23,9,22,-5.000,18.000,rail,VDD_CORE,,,
K24,9,23,-4.000,18.000,ground,GND,,,
K25,9,24,-3.000,18.000,rail,VDD_CORE,,,
K26,9,25,-2.000,18.000,ground,GND,,,
K27,9,26,-1.000,18.000,rail,VDD_CORE,,,
K28,9,27,0.000,18.000,ground,GND,,,
K29,9,28,1.000,18.000,rail,VDD_CORE,,,
K30,9,29,2.000,18.000,ground,GND,,,
K31,9,30,3.000,18.000,rail,VDD_CORE,,,
K32,9,31,4.000,18.000,ground,GND,,,
K33,9,32,5.000,18.000,rail,VDD_CORE,,,
K34,9,33,6.000,18.000,ground,GND,,,
K35,9,34,7.000,18.000,rail,VDD_CORE,,,
K36,9,35,8.000,18.000,ground,GND,,,
K37,9,36,9.000,18.000,rail,VDD_CORE,,,
K38,9,37,10.000,18.000,ground,GND,,,
K39,9,38,11.000,18.000,rail,VDD_CORE,,,
K40,9,39,12.000,18.000,ground,GND,,,
K41,9,40,13.000,18.000,rail,VDD_CORE,,,
K42,9,41,14.000,18.000,ground,GND,,,
K43,9,42,15.000,18.000,rail,VDD_CORE,,,
K44,9,43,16.000,18.000,ground,GND,,,
K45,9,44,17.000,18.000,rail,VDD_CORE,,,
K46,9,45,18.000,18.000,ground,GND,,,
K47,9,46,19.000,18.000,rail,VDD_CORE,,,
K48,9,47,20.000,18.000,ground,GND,,,
K49,9,48,21.000,18.000,rail,VDD_CORE,,,
K50,9,49,22.000,18.000,ground,GND,,,
K51,9,50,23.000,18.000,rail,VDD_CORE,,,
K52,9,51,24.000,18.000,ground,GND,,,
K53,9,52,25.000,18.000,rail,VDD_CORE,,,
K54,9,53,26.000,18.000,ground,GND,,,
K55,9,54,27.000,18.000,rail,VDD_CORE,,,
L1,10,0,-27.000,17.000,ground,GND,,,
L2,10,1,-26.000,17.000,rail,VDD_CORE,,,
L3,10,2,-25.000,17.000,ground,GND,,,
L4,10,3,-24.000,17.000,rail,VDD_CORE,,,
L5,10,4,-23.000,17.000,ground,GND,,,
L6,10,5,-22.000,17.000,rail,VDD_CORE,,,
L7,10,6,-21.000,17.000,ground,GND,,,
L8,10,7,-20.000,17.000,rail,VDD_CORE,,,
L9,10,8,-19.000,17.000,ground,GND,,,
L10,10,9,-18.000,17.000,rail,VDD_CORE,,,
L11,10,10,-17.000,17.000,ground,GND,,,
L12,10,11,-16.000,17.000,rail,VDD_CORE,,,
L13,10,12,-15.000,17.000,ground,GND,,,
L14,10,13,-14.000,17.000,rail,VDD_CORE,,,
L15,10,14,-13.000,17.000,ground,GND,,,
L16,10,15,-12.000,17.000,rail,VDD_CORE,,,
L17,10,16,-11.000,17.000,ground,GND,,,
L18,10,17,-10.000,17.000,rail,VDD_CORE,,,
L19,10,18,-9.000,17.000,ground,GND,,,
L20,10,19,-8.000,17.000,rail,VDD_CORE,,,
L21,10,20,-7.000,17.000,ground,GND,,,
L22,10,21,-6.000,17.000,rail,VDD_CORE,,,
L23,10,22,-5.000,17.000,ground,GND,,,
L24,10,23,-4.000,17.000,rail,VDD_CORE,,,
L25,10,24,-3.000,17.000,ground,GND,,,
L26,10,25,-2.000,17.000,rail,VDD_CORE,,,
L27,10,26,-1.000,17.000,ground,GND,,,
L28,10,27,0.000,17.000,rail,VDD_CORE,,,
L29,10,28,1.000,17.000,ground,GND,,,
L30,10,29,2.000,17.000,rail,VDD_CORE,,,
L31,10,30,3.000,17.000,ground,GND,,,
L32,10,31,4.000,17.000,rail,VDD_CORE,,,
L33,10,32,5.000,17.000,ground,GND,,,
L34,10,33,6.000,17.000,rail,VDD_CORE,,,
L35,10,34,7.000,17.000,ground,GND,,,
L36,10,35,8.000,17.000,rail,VDD_CORE,,,
L37,10,36,9.000,17.000,ground,GND,,,
L38,10,37,10.000,17.000,rail,VDD_CORE,,,
L39,10,38,11.000,17.000,ground,GND,,,
L40,10,39,12.000,17.000,rail,VDD_CORE,,,
L41,10,40,13.000,17.000,ground,GND,,,
L42,10,41,14.000,17.000,rail,VDD_CORE,,,
L43,10,42,15.000,17.000,ground,GND,,,
L44,10,43,16.000,17.000,rail,VDD_CORE,,,
L45,10,44,17.000,17.000,ground,GND,,,
L46,10,45,18.000,17.000,rail,VDD_CORE,,,
L47,10,46,19.000,17.000,ground,GND,,,
L48,10,47,20.000,17.000,rail,VDD_CORE,,,
L49,10,48,21.000,17.000,ground,GND,,,
L50,10,49,22.000,17.000,rail,VDD_CORE,,,
L51,10,50,23.000,17.000,ground,GND,,,
L52,10,51,24.000,17.000,rail,VDD_CORE,,,
L53,10,52,25.000,17.000,ground,GND,,,
L54,10,53,26.000,17.000,rail,VDD_CORE,,,
L55,10,54,27.000,17.000,ground,GND,,,
M1,11,0,-27.000,16.000,rail,VDD_CORE,,,
M2,11,1,-26.000,16.000,ground,GND,,,
M3,11,2,-25.000,16.000,rail,VDD_CORE,,,
M4,11,3,-24.000,16.000,ground,GND,,,
M5,11,4,-23.000,16.000,rail,VDD_CORE,,,
M6,11,5,-22.000,16.000,ground,GND,,,
M7,11,6,-21.000,16.000,rail,VDD_CORE,,,
M8,11,7,-20.000,16.000,ground,GND,,,
M9,11,8,-19.000,16.000,rail,VDD_CORE,,,
M10,11,9,-18.000,16.000,ground,GND,,,
M11,11,10,-17.000,16.000,rail,VDD_CORE,,,
M12,11,11,-16.000,16.000,ground,GND,,,
M13,11,12,-15.000,16.000,rail,VDD_CORE,,,
M14,11,13,-14.000,16.000,ground,GND,,,
M15,11,14,-13.000,16.000,rail,VDD_CORE,,,
M16,11,15,-12.000,16.000,ground,GND,,,
M17,11,16,-11.000,16.000,rail,VDD_CORE,,,
M18,11,17,-10.000,16.000,ground,GND,,,
M19,11,18,-9.000,16.000,rail,VDD_CORE,,,
M20,11,19,-8.000,16.000,ground,GND,,,
M21,11,20,-7.000,16.000,rail,VDD_CORE,,,
M22,11,21,-6.000,16.000,ground,GND,,,
M23,11,22,-5.000,16.000,rail,VDD_CORE,,,
M24,11,23,-4.000,16.000,ground,GND,,,
M25,11,24,-3.000,16.000,rail,VDD_CORE,,,
M26,11,25,-2.000,16.000,ground,GND,,,
M27,11,26,-1.000,16.000,rail,VDD_CORE,,,
M28,11,27,0.000,16.000,ground,GND,,,
M29,11,28,1.000,16.000,rail,VDD_CORE,,,
M30,11,29,2.000,16.000,ground,GND,,,
M31,11,30,3.000,16.000,rail,VDD_CORE,,,
M32,11,31,4.000,16.000,ground,GND,,,
M33,11,32,5.000,16.000,rail,VDD_CORE,,,
M34,11,33,6.000,16.000,ground,GND,,,
M35,11,34,7.000,16.000,rail,VDD_CORE,,,
M36,11,35,8.000,16.000,ground,GND,,,
M37,11,36,9.000,16.000,rail,VDD_CORE,,,
M38,11,37,10.000,16.000,ground,GND,,,
M39,11,38,11.000,16.000,rail,VDD_CORE,,,
M40,11,39,12.000,16.000,ground,GND,,,
M41,11,40,13.000,16.000,rail,VDD_CORE,,,
M42,11,41,14.000,16.000,ground,GND,,,
M43,11,42,15.000,16.000,rail,VDD_CORE,,,
M44,11,43,16.000,16.000,ground,GND,,,
M45,11,44,17.000,16.000,rail,VDD_CORE,,,
M46,11,45,18.000,16.000,ground,GND,,,
M47,11,46,19.000,16.000,rail,VDD_CORE,,,
M48,11,47,20.000,16.000,ground,GND,,,
M49,11,48,21.000,16.000,rail,VDD_CORE,,,
M50,11,49,22.000,16.000,ground,GND,,,
M51,11,50,23.000,16.000,rail,VDD_CORE,,,
M52,11,51,24.000,16.000,ground,GND,,,
M53,11,52,25.000,16.000,rail,VDD_CORE,,,
M54,11,53,26.000,16.000,ground,GND,,,
M55,11,54,27.000,16.000,rail,VDD_CORE,,,
N1,12,0,-27.000,15.000,ground,GND,,,
N2,12,1,-26.000,15.000,rail,VDD_CORE,,,
N3,12,2,-25.000,15.000,ground,GND,,,
N4,12,3,-24.000,15.000,rail,VDD_CORE,,,
N5,12,4,-23.000,15.000,ground,GND,,,
N6,12,5,-22.000,15.000,rail,VDD_CORE,,,
N7,12,6,-21.000,15.000,ground,GND,,,
N8,12,7,-20.000,15.000,rail,VDD_CORE,,,
N9,12,8,-19.000,15.000,ground,GND,,,
N10,12,9,-18.000,15.000,rail,VDD_CORE,,,
N11,12,10,-17.000,15.000,ground,GND,,,
N12,12,11,-16.000,15.000,rail,VDD_CORE,,,
N13,12,12,-15.000,15.000,ground,GND,,,
N14,12,13,-14.000,15.000,rail,VDD_CORE,,,
N15,12,14,-13.000,15.000,ground,GND,,,
N16,12,15,-12.000,15.000,rail,VDD_CORE,,,
N17,12,16,-11.000,15.000,ground,GND,,,
N18,12,17,-10.000,15.000,rail,VDD_CORE,,,
N19,12,18,-9.000,15.000,ground,GND,,,
N20,12,19,-8.000,15.000,rail,VDD_CORE,,,
N21,12,20,-7.000,15.000,ground,GND,,,
N22,12,21,-6.000,15.000,rail,VDD_CORE,,,
N23,12,22,-5.000,15.000,ground,GND,,,
N24,12,23,-4.000,15.000,rail,VDD_CORE,,,
N25,12,24,-3.000,15.000,ground,GND,,,
N26,12,25,-2.000,15.000,rail,VDD_CORE,,,
N27,12,26,-1.000,15.000,ground,GND,,,
N28,12,27,0.000,15.000,rail,VDD_CORE,,,
N29,12,28,1.000,15.000,ground,GND,,,
N30,12,29,2.000,15.000,rail,VDD_CORE,,,
N31,12,30,3.000,15.000,ground,GND,,,
N32,12,31,4.000,15.000,rail,VDD_CORE,,,
N33,12,32,5.000,15.000,ground,GND,,,
N34,12,33,6.000,15.000,rail,VDD_CORE,,,
N35,12,34,7.000,15.000,ground,GND,,,
N36,12,35,8.000,15.000,rail,VDD_CORE,,,
N37,12,36,9.000,15.000,ground,GND,,,
N38,12,37,10.000,15.000,rail,VDD_CORE,,,
N39,12,38,11.000,15.000,ground,GND,,,
N40,12,39,12.000,15.000,rail,VDD_CORE,,,
N41,12,40,13.000,15.000,ground,GND,,,
N42,12,41,14.000,15.000,rail,VDD_CORE,,,
N43,12,42,15.000,15.000,ground,GND,,,
N44,12,43,16.000,15.000,rail,VDD_CORE,,,
N45,12,44,17.000,15.000,ground,GND,,,
N46,12,45,18.000,15.000,rail,VDD_CORE,,,
N47,12,46,19.000,15.000,ground,GND,,,
N48,12,47,20.000,15.000,rail,VDD_CORE,,,
N49,12,48,21.000,15.000,ground,GND,,,
N50,12,49,22.000,15.000,rail,VDD_CORE,,,
N51,12,50,23.000,15.000,ground,GND,,,
N52,12,51,24.000,15.000,rail,VDD_CORE,,,
N53,12,52,25.000,15.000,ground,GND,,,
N54,12,53,26.000,15.000,rail,VDD_CORE,,,
N55,12,54,27.000,15.000,ground,GND,,,
P1,13,0,-27.000,14.000,rail,VDD_CORE,,,
P2,13,1,-26.000,14.000,ground,GND,,,
P3,13,2,-25.000,14.000,rail,VDD_CORE,,,
P4,13,3,-24.000,14.000,ground,GND,,,
P5,13,4,-23.000,14.000,rail,VDD_CORE,,,
P6,13,5,-22.000,14.000,ground,GND,,,
P7,13,6,-21.000,14.000,rail,VDD_CORE,,,
P8,13,7,-20.000,14.000,ground,GND,,,
P9,13,8,-19.000,14.000,rail,VDD_CORE,,,
P10,13,9,-18.000,14.000,ground,GND,,,
P11,13,10,-17.000,14.000,rail,VDD_CORE,,,
P12,13,11,-16.000,14.000,ground,GND,,,
P13,13,12,-15.000,14.000,rail,VDD_CORE,,,
P14,13,13,-14.000,14.000,ground,GND,,,
P15,13,14,-13.000,14.000,rail,VDD_CORE,,,
P16,13,15,-12.000,14.000,ground,GND,,,
P17,13,16,-11.000,14.000,rail,VDD_CORE,,,
P18,13,17,-10.000,14.000,ground,GND,,,
P19,13,18,-9.000,14.000,rail,VDD_CORE,,,
P20,13,19,-8.000,14.000,ground,GND,,,
P21,13,20,-7.000,14.000,rail,VDD_CORE,,,
P22,13,21,-6.000,14.000,ground,GND,,,
P23,13,22,-5.000,14.000,rail,VDD_CORE,,,
P24,13,23,-4.000,14.000,ground,GND,,,
P25,13,24,-3.000,14.000,rail,VDD_CORE,,,
P26,13,25,-2.000,14.000,ground,GND,,,
P27,13,26,-1.000,14.000,rail,VDD_CORE,,,
P28,13,27,0.000,14.000,ground,GND,,,
P29,13,28,1.000,14.000,rail,VDD_CORE,,,
P30,13,29,2.000,14.000,ground,GND,,,
P31,13,30,3.000,14.000,rail,VDD_CORE,,,
P32,13,31,4.000,14.000,ground,GND,,,
P33,13,32,5.000,14.000,rail,VDD_CORE,,,
P34,13,33,6.000,14.000,ground,GND,,,
P35,13,34,7.000,14.000,rail,VDD_CORE,,,
P36,13,35,8.000,14.000,ground,GND,,,
P37,13,36,9.000,14.000,rail,VDD_CORE,,,
P38,13,37,10.000,14.000,ground,GND,,,
P39,13,38,11.000,14.000,rail,VDD_CORE,,,
P40,13,39,12.000,14.000,ground,GND,,,
P41,13,40,13.000,14.000,rail,VDD_CORE,,,
P42,13,41,14.000,14.000,ground,GND,,,
P43,13,42,15.000,14.000,rail,VDD_CORE,,,
P44,13,43,16.000,14.000,ground,GND,,,
P45,13,44,17.000,14.000,rail,VDD_CORE,,,
P46,13,45,18.000,14.000,ground,GND,,,
P47,13,46,19.000,14.000,rail,VDD_CORE,,,
P48,13,47,20.000,14.000,ground,GND,,,
P49,13,48,21.000,14.000,rail,VDD_CORE,,,
P50,13,49,22.000,14.000,ground,GND,,,
P51,13,50,23.000,14.000,rail,VDD_CORE,,,
P52,13,51,24.000,14.000,ground,GND,,,
P53,13,52,25.000,14.000,rail,VDD_CORE,,,
P54,13,53,26.000,14.000,ground,GND,,,
P55,13,54,27.000,14.000,rail,VDD_CORE,,,
R1,14,0,-27.000,13.000,ground,GND,,,
R2,14,1,-26.000,13.000,rail,VDD_CORE,,,
R3,14,2,-25.000,13.000,ground,GND,,,
R4,14,3,-24.000,13.000,rail,VDD_CORE,,,
R5,14,4,-23.000,13.000,ground,GND,,,
R6,14,5,-22.000,13.000,rail,VDD_CORE,,,
R7,14,6,-21.000,13.000,ground,GND,,,
R8,14,7,-20.000,13.000,rail,VDD_CORE,,,
R9,14,8,-19.000,13.000,ground,GND,,,
R10,14,9,-18.000,13.000,rail,VDD_CORE,,,
R11,14,10,-17.000,13.000,ground,GND,,,
R12,14,11,-16.000,13.000,rail,VDD_CORE,,,
R13,14,12,-15.000,13.000,ground,GND,,,
R14,14,13,-14.000,13.000,rail,VDD_CORE,,,
R15,14,14,-13.000,13.000,ground,GND,,,
R16,14,15,-12.000,13.000,rail,VDD_CORE,,,
R17,14,16,-11.000,13.000,ground,GND,,,
R18,14,17,-10.000,13.000,rail,VDD_CORE,,,
R19,14,18,-9.000,13.000,ground,GND,,,
R20,14,19,-8.000,13.000,rail,VDD_CORE,,,
R21,14,20,-7.000,13.000,ground,GND,,,
R22,14,21,-6.000,13.000,rail,VDD_CORE,,,
R23,14,22,-5.000,13.000,ground,GND,,,
R24,14,23,-4.000,13.000,rail,VDD_CORE,,,
R25,14,24,-3.000,13.000,ground,GND,,,
R26,14,25,-2.000,13.000,rail,VDD_CORE,,,
R27,14,26,-1.000,13.000,ground,GND,,,
R28,14,27,0.000,13.000,rail,VDD_CORE,,,
R29,14,28,1.000,13.000,ground,GND,,,
R30,14,29,2.000,13.000,rail,VDD_CORE,,,
R31,14,30,3.000,13.000,ground,GND,,,
R32,14,31,4.000,13.000,rail,VDD_CORE,,,
R33,14,32,5.000,13.000,ground,GND,,,
R34,14,33,6.000,13.000,rail,VDD_CORE,,,
R35,14,34,7.000,13.000,ground,GND,,,
R36,14,35,8.000,13.000,rail,VDD_CORE,,,
R37,14,36,9.000,13.000,ground,GND,,,
R38,14,37,10.000,13.000,rail,VDD_CORE,,,
R39,14,38,11.000,13.000,ground,GND,,,
R40,14,39,12.000,13.000,rail,VDD_CORE,,,
R41,14,40,13.000,13.000,ground,GND,,,
R42,14,41,14.000,13.000,rail,VDD_CORE,,,
R43,14,42,15.000,13.000,ground,GND,,,
R44,14,43,16.000,13.000,rail,VDD_CORE,,,
R45,14,44,17.000,13.000,ground,GND,,,
R46,14,45,18.000,13.000,rail,VDD_CORE,,,
R47,14,46,19.000,13.000,ground,GND,,,
R48,14,47,20.000,13.000,rail,VDD_CORE,,,
R49,14,48,21.000,13.000,ground,GND,,,
R50,14,49,22.000,13.000,rail,VDD_CORE,,,
R51,14,50,23.000,13.000,ground,GND,,,
R52,14,51,24.000,13.000,rail,VDD_CORE,,,
R53,14,52,25.000,13.000,ground,GND,,,
R54,14,53,26.000,13.000,rail,VDD_CORE,,,
R55,14,54,27.000,13.000,ground,GND,,,
T1,15,0,-27.000,12.000,rail,VDD_CORE,,,
T2,15,1,-26.000,12.000,ground,GND,,,
T3,15,2,-25.000,12.000,rail,VDD_CORE,,,
T4,15,3,-24.000,12.000,ground,GND,,,
T5,15,4,-23.000,12.000,rail,VDD_CORE,,,
T6,15,5,-22.000,12.000,ground,GND,,,
T7,15,6,-21.000,12.000,rail,VDD_CORE,,,
T8,15,7,-20.000,12.000,ground,GND,,,
T9,15,8,-19.000,12.000,rail,VDD_CORE,,,
T10,15,9,-18.000,12.000,ground,GND,,,
T11,15,10,-17.000,12.000,rail,VDD_CORE,,,
T12,15,11,-16.000,12.000,ground,GND,,,
T13,15,12,-15.000,12.000,rail,VDD_CORE,,,
T14,15,13,-14.000,12.000,ground,GND,,,
T15,15,14,-13.000,12.000,rail,VDD_CORE,,,
T16,15,15,-12.000,12.000,ground,GND,,,
T17,15,16,-11.000,12.000,rail,VDD_CORE,,,
T18,15,17,-10.000,12.000,ground,GND,,,
T19,15,18,-9.000,12.000,rail,VDD_CORE,,,
T20,15,19,-8.000,12.000,ground,GND,,,
T21,15,20,-7.000,12.000,rail,VDD_CORE,,,
T22,15,21,-6.000,12.000,ground,GND,,,
T23,15,22,-5.000,12.000,rail,VDD_CORE,,,
T24,15,23,-4.000,12.000,ground,GND,,,
T25,15,24,-3.000,12.000,rail,VDD_CORE,,,
T26,15,25,-2.000,12.000,ground,GND,,,
T27,15,26,-1.000,12.000,rail,VDD_CORE,,,
T28,15,27,0.000,12.000,ground,GND,,,
T29,15,28,1.000,12.000,rail,VDD_CORE,,,
T30,15,29,2.000,12.000,ground,GND,,,
T31,15,30,3.000,12.000,rail,VDD_CORE,,,
T32,15,31,4.000,12.000,ground,GND,,,
T33,15,32,5.000,12.000,rail,VDD_CORE,,,
T34,15,33,6.000,12.000,ground,GND,,,
T35,15,34,7.000,12.000,rail,VDD_CORE,,,
T36,15,35,8.000,12.000,ground,GND,,,
T37,15,36,9.000,12.000,rail,VDD_CORE,,,
T38,15,37,10.000,12.000,ground,GND,,,
T39,15,38,11.000,12.000,rail,VDD_CORE,,,
T40,15,39,12.000,12.000,ground,GND,,,
T41,15,40,13.000,12.000,rail,VDD_CORE,,,
T42,15,41,14.000,12.000,ground,GND,,,
T43,15,42,15.000,12.000,rail,VDD_CORE,,,
T44,15,43,16.000,12.000,ground,GND,,,
T45,15,44,17.000,12.000,rail,VDD_CORE,,,
T46,15,45,18.000,12.000,ground,GND,,,
T47,15,46,19.000,12.000,rail,VDD_CORE,,,
T48,15,47,20.000,12.000,ground,GND,,,
T49,15,48,21.000,12.000,rail,VDD_CORE,,,
T50,15,49,22.000,12.000,ground,GND,,,
T51,15,50,23.000,12.000,rail,VDD_CORE,,,
T52,15,51,24.000,12.000,ground,GND,,,
T53,15,52,25.000,12.000,rail,VDD_CORE,,,
T54,15,53,26.000,12.000,ground,GND,,,
T55,15,54,27.000,12.000,rail,VDD_CORE,,,
U1,16,0,-27.000,11.000,ground,GND,,,
U2,16,1,-26.000,11.000,rail,VDD_CORE,,,
U3,16,2,-25.000,11.000,ground,GND,,,
U4,16,3,-24.000,11.000,rail,VDD_CORE,,,
U5,16,4,-23.000,11.000,ground,GND,,,
U6,16,5,-22.000,11.000,rail,VDD_CORE,,,
U7,16,6,-21.000,11.000,ground,GND,,,
U8,16,7,-20.000,11.000,rail,VDD_CORE,,,
U9,16,8,-19.000,11.000,ground,GND,,,
U10,16,9,-18.000,11.000,rail,VDD_CORE,,,
U11,16,10,-17.000,11.000,ground,GND,,,
U12,16,11,-16.000,11.000,rail,VDD_CORE,,,
U13,16,12,-15.000,11.000,ground,GND,,,
U14,16,13,-14.000,11.000,rail,VDD_CORE,,,
U15,16,14,-13.000,11.000,ground,GND,,,
U16,16,15,-12.000,11.000,rail,VDD_CORE,,,
U17,16,16,-11.000,11.000,ground,GND,,,
U18,16,17,-10.000,11.000,rail,VDD_CORE,,,
U19,16,18,-9.000,11.000,ground,GND,,,
U20,16,19,-8.000,11.000,rail,VDD_CORE,,,
U21,16,20,-7.000,11.000,ground,GND,,,
U22,16,21,-6.000,11.000,rail,VDD_CORE,,,
U23,16,22,-5.000,11.000,ground,GND,,,
U24,16,23,-4.000,11.000,rail,VDD_CORE,,,
U25,16,24,-3.000,11.000,ground,GND,,,
U26,16,25,-2.000,11.000,rail,VDD_CORE,,,
U27,16,26,-1.000,11.000,ground,GND,,,
U28,16,27,0.000,11.000,rail,VDD_CORE,,,
U29,16,28,1.000,11.000,ground,GND,,,
U30,16,29,2.000,11.000,rail,VDD_CORE,,,
U31,16,30,3.000,11.000,ground,GND,,,
U32,16,31,4.000,11.000,rail,VDD_CORE,,,
U33,16,32,5.000,11.000,ground,GND,,,
U34,16,33,6.000,11.000,rail,VDD_CORE,,,
U35,16,34,7.000,11.000,ground,GND,,,
U36,16,35,8.000,11.000,rail,VDD_CORE,,,
U37,16,36,9.000,11.000,ground,GND,,,
U38,16,37,10.000,11.000,rail,VDD_CORE,,,
U39,16,38,11.000,11.000,ground,GND,,,
U40,16,39,12.000,11.000,rail,VDD_CORE,,,
U41,16,40,13.000,11.000,ground,GND,,,
U42,16,41,14.000,11.000,rail,VDD_CORE,,,
U43,16,42,15.000,11.000,ground,GND,,,
U44,16,43,16.000,11.000,rail,VDD_CORE,,,
U45,16,44,17.000,11.000,ground,GND,,,
U46,16,45,18.000,11.000,rail,VDD_CORE,,,
U47,16,46,19.000,11.000,ground,GND,,,
U48,16,47,20.000,11.000,rail,VDD_CORE,,,
U49,16,48,21.000,11.000,ground,GND,,,
U50,16,49,22.000,11.000,rail,VDD_CORE,,,
U51,16,50,23.000,11.000,ground,GND,,,
U52,16,51,24.000,11.000,rail,VDD_CORE,,,
U53,16,52,25.000,11.000,ground,GND,,,
U54,16,53,26.000,11.000,rail,VDD_CORE,,,
U55,16,54,27.000,11.000,ground,GND,,,
V1,17,0,-27.000,10.000,rail,VDD_CORE,,,
V2,17,1,-26.000,10.000,ground,GND,,,
V3,17,2,-25.000,10.000,rail,VDD_CORE,,,
V4,17,3,-24.000,10.000,ground,GND,,,
V5,17,4,-23.000,10.000,rail,VDD_CORE,,,
V6,17,5,-22.000,10.000,ground,GND,,,
V7,17,6,-21.000,10.000,rail,VDD_CORE,,,
V8,17,7,-20.000,10.000,ground,GND,,,
V9,17,8,-19.000,10.000,rail,VDD_CORE,,,
V10,17,9,-18.000,10.000,ground,GND,,,
V11,17,10,-17.000,10.000,rail,VDD_CORE,,,
V12,17,11,-16.000,10.000,ground,GND,,,
V13,17,12,-15.000,10.000,rail,VDD_CORE,,,
V14,17,13,-14.000,10.000,ground,GND,,,
V15,17,14,-13.000,10.000,rail,VDD_CORE,,,
V16,17,15,-12.000,10.000,ground,GND,,,
V17,17,16,-11.000,10.000,rail,VDD_CORE,,,
V18,17,17,-10.000,10.000,ground,GND,,,
V19,17,18,-9.000,10.000,rail,VDD_CORE,,,
V20,17,19,-8.000,10.000,ground,GND,,,
V21,17,20,-7.000,10.000,rail,VDD_CORE,,,
V22,17,21,-6.000,10.000,ground,GND,,,
V23,17,22,-5.000,10.000,rail,VDD_CORE,,,
V24,17,23,-4.000,10.000,ground,GND,,,
V25,17,24,-3.000,10.000,rail,VDD_CORE,,,
V26,17,25,-2.000,10.000,ground,GND,,,
V27,17,26,-1.000,10.000,rail,VDD_CORE,,,
V28,17,27,0.000,10.000,ground,GND,,,
V29,17,28,1.000,10.000,rail,VDD_CORE,,,
V30,17,29,2.000,10.000,ground,GND,,,
V31,17,30,3.000,10.000,rail,VDD_CORE,,,
V32,17,31,4.000,10.000,ground,GND,,,
V33,17,32,5.000,10.000,rail,VDD_CORE,,,
V34,17,33,6.000,10.000,ground,GND,,,
V35,17,34,7.000,10.000,rail,VDD_CORE,,,
V36,17,35,8.000,10.000,ground,GND,,,
V37,17,36,9.000,10.000,rail,VDD_CORE,,,
V38,17,37,10.000,10.000,ground,GND,,,
V39,17,38,11.000,10.000,rail,VDD_CORE,,,
V40,17,39,12.000,10.000,ground,GND,,,
V41,17,40,13.000,10.000,rail,VDD_CORE,,,
V42,17,41,14.000,10.000,ground,GND,,,
V43,17,42,15.000,10.000,rail,VDD_CORE,,,
V44,17,43,16.000,10.000,ground,GND,,,
V45,17,44,17.000,10.000,rail,VDD_CORE,,,
V46,17,45,18.000,10.000,ground,GND,,,
V47,17,46,19.000,10.000,rail,VDD_CORE,,,
V48,17,47,20.000,10.000,ground,GND,,,
V49,17,48,21.000,10.000,rail,VDD_CORE,,,
V50,17,49,22.000,10.000,ground,GND,,,
V51,17,50,23.000,10.000,rail,VDD_CORE,,,
V52,17,51,24.000,10.000,ground,GND,,,
V53,17,52,25.000,10.000,rail,VDD_CORE,,,
V54,17,53,26.000,10.000,ground,GND,,,
V55,17,54,27.000,10.000,rail,VDD_CORE,,,
W1,18,0,-27.000,9.000,signal,link_in,DATA0,W,0
W2,18,1,-26.000,9.000,signal,link_in,DATA1,W,1
W3,18,2,-25.000,9.000,ground,GND,,,
W4,18,3,-24.000,9.000,rail,VDD_CORE,,,
W5,18,4,-23.000,9.000,ground,GND,,,
W6,18,5,-22.000,9.000,rail,VDD_CORE,,,
W7,18,6,-21.000,9.000,ground,GND,,,
W8,18,7,-20.000,9.000,rail,VDD_CORE,,,
W9,18,8,-19.000,9.000,ground,GND,,,
W10,18,9,-18.000,9.000,rail,VDD_CORE,,,
W11,18,10,-17.000,9.000,ground,GND,,,
W12,18,11,-16.000,9.000,rail,VDD_CORE,,,
W13,18,12,-15.000,9.000,ground,GND,,,
W14,18,13,-14.000,9.000,rail,VDD_CORE,,,
W15,18,14,-13.000,9.000,ground,GND,,,
W16,18,15,-12.000,9.000,rail,VDD_CORE,,,
W17,18,16,-11.000,9.000,ground,GND,,,
W18,18,17,-10.000,9.000,rail,VDD_CORE,,,
W19,18,18,-9.000,9.000,ground,GND,,,
W20,18,19,-8.000,9.000,rail,VDD_CORE,,,
W21,18,20,-7.000,9.000,ground,GND,,,
W22,18,21,-6.000,9.000,rail,VDD_CORE,,,
W23,18,22,-5.000,9.000,ground,GND,,,
W24,18,23,-4.000,9.000,rail,VDD_CORE,,,
W25,18,24,-3.000,9.000,ground,GND,,,
W26,18,25,-2.000,9.000,rail,VDD_CORE,,,
W27,18,26,-1.000,9.000,ground,GND,,,
W28,18,27,0.000,9.000,rail,VDD_CORE,,,
W29,18,28,1.000,9.000,ground,GND,,,
W30,18,29,2.000,9.000,rail,VDD_CORE,,,
W31,18,30,3.000,9.000,ground,GND,,,
W32,18,31,4.000,9.000,rail,VDD_CORE,,,
W33,18,32,5.000,9.000,ground,GND,,,
W34,18,33,6.000,9.000,rail,VDD_CORE,,,
W35,18,34,7.000,9.000,ground,GND,,,
W36,18,35,8.000,9.000,rail,VDD_CORE,,,
W37,18,36,9.000,9.000,ground,GND,,,
W38,18,37,10.000,9.000,rail,VDD_CORE,,,
W39,18,38,11.000,9.000,ground,GND,,,
W40,18,39,12.000,9.000,rail,VDD_CORE,,,
W41,18,40,13.000,9.000,ground,GND,,,
W42,18,41,14.000,9.000,rail,VDD_CORE,,,
W43,18,42,15.000,9.000,ground,GND,,,
W44,18,43,16.000,9.000,rail,VDD_CORE,,,
W45,18,44,17.000,9.000,ground,GND,,,
W46,18,45,18.000,9.000,rail,VDD_CORE,,,
W47,18,46,19.000,9.000,ground,GND,,,
W48,18,47,20.000,9.000,rail,VDD_CORE,,,
W49,18,48,21.000,9.000,ground,GND,,,
W50,18,49,22.000,9.000,rail,VDD_CORE,,,
W51,18,50,23.000,9.000,ground,GND,,,
W52,18,51,24.000,9.000,rail,VDD_CORE,,,
W53,18,52,25.000,9.000,ground,GND,,,
W54,18,53,26.000,9.000,signal,link_out,DATA1,E,1
W55,18,54,27.000,9.000,signal,link_out,DATA0,E,0
Y1,19,0,-27.000,8.000,signal,link_in,DATA2,W,0
Y2,19,1,-26.000,8.000,signal,link_in,DATA3,W,1
Y3,19,2,-25.000,8.000,rail,VDD_CORE,,,
Y4,19,3,-24.000,8.000,ground,GND,,,
Y5,19,4,-23.000,8.000,rail,VDD_CORE,,,
Y6,19,5,-22.000,8.000,ground,GND,,,
Y7,19,6,-21.000,8.000,rail,VDD_CORE,,,
Y8,19,7,-20.000,8.000,ground,GND,,,
Y9,19,8,-19.000,8.000,rail,VDD_CORE,,,
Y10,19,9,-18.000,8.000,ground,GND,,,
Y11,19,10,-17.000,8.000,rail,VDD_CORE,,,
Y12,19,11,-16.000,8.000,ground,GND,,,
Y13,19,12,-15.000,8.000,rail,VDD_CORE,,,
Y14,19,13,-14.000,8.000,ground,GND,,,
Y15,19,14,-13.000,8.000,rail,VDD_CORE,,,
Y16,19,15,-12.000,8.000,ground,GND,,,
Y17,19,16,-11.000,8.000,rail,VDD_CORE,,,
Y18,19,17,-10.000,8.000,ground,GND,,,
Y19,19,18,-9.000,8.000,rail,VDD_CORE,,,
Y20,19,19,-8.000,8.000,ground,GND,,,
Y21,19,20,-7.000,8.000,rail,VDD_CORE,,,
Y22,19,21,-6.000,8.000,ground,GND,,,
Y23,19,22,-5.000,8.000,rail,VDD_CORE,,,
Y24,19,23,-4.000,8.000,ground,GND,,,
Y25,19,24,-3.000,8.000,rail,VDD_CORE,,,
Y26,19,25,-2.000,8.000,ground,GND,,,
Y27,19,26,-1.000,8.000,rail,VDD_CORE,,,
Y28,19,27,0.000,8.000,ground,GND,,,
Y29,19,28,1.000,8.000,rail,VDD_CORE,,,
Y30,19,29,2.000,8.000,ground,GND,,,
Y31,19,30,3.000,8.000,rail,VDD_CORE,,,
Y32,19,31,4.000,8.000,ground,GND,,,
Y33,19,32,5.000,8.000,rail,VDD_CORE,,,
Y34,19,33,6.000,8.000,ground,GND,,,
Y35,19,34,7.000,8.000,rail,VDD_CORE,,,
Y36,19,35,8.000,8.000,ground,GND,,,
Y37,19,36,9.000,8.000,rail,VDD_CORE,,,
Y38,19,37,10.000,8.000,ground,GND,,,
Y39,19,38,11.000,8.000,rail,VDD_CORE,,,
Y40,19,39,12.000,8.000,ground,GND,,,
Y41,19,40,13.000,8.000,rail,VDD_CORE,,,
Y42,19,41,14.000,8.000,ground,GND,,,
Y43,19,42,15.000,8.000,rail,VDD_CORE,,,
Y44,19,43,16.000,8.000,ground,GND,,,
Y45,19,44,17.000,8.000,rail,VDD_CORE,,,
Y46,19,45,18.000,8.000,ground,GND,,,
Y47,19,46,19.000,8.000,rail,VDD_CORE,,,
Y48,19,47,20.000,8.000,ground,GND,,,
Y49,19,48,21.000,8.000,rail,VDD_CORE,,,
Y50,19,49,22.000,8.000,ground,GND,,,
Y51,19,50,23.000,8.000,rail,VDD_CORE,,,
Y52,19,51,24.000,8.000,ground,GND,,,
Y53,19,52,25.000,8.000,rail,VDD_CORE,,,
Y54,19,53,26.000,8.000,signal,link_out,DATA3,E,1
Y55,19,54,27.000,8.000,signal,link_out,DATA2,E,0
AA1,20,0,-27.000,7.000,signal,link_in,DATA4,W,0
AA2,20,1,-26.000,7.000,signal,link_in,DATA5,W,1
AA3,20,2,-25.000,7.000,ground,GND,,,
AA4,20,3,-24.000,7.000,rail,VDD_CORE,,,
AA5,20,4,-23.000,7.000,ground,GND,,,
AA6,20,5,-22.000,7.000,rail,VDD_CORE,,,
AA7,20,6,-21.000,7.000,ground,GND,,,
AA8,20,7,-20.000,7.000,rail,VDD_CORE,,,
AA9,20,8,-19.000,7.000,ground,GND,,,
AA10,20,9,-18.000,7.000,rail,VDD_CORE,,,
AA11,20,10,-17.000,7.000,ground,GND,,,
AA12,20,11,-16.000,7.000,rail,VDD_CORE,,,
AA13,20,12,-15.000,7.000,ground,GND,,,
AA14,20,13,-14.000,7.000,rail,VDD_CORE,,,
AA15,20,14,-13.000,7.000,ground,GND,,,
AA16,20,15,-12.000,7.000,rail,VDD_CORE,,,
AA17,20,16,-11.000,7.000,ground,GND,,,
AA18,20,17,-10.000,7.000,rail,VDD_CORE,,,
AA19,20,18,-9.000,7.000,ground,GND,,,
AA20,20,19,-8.000,7.000,rail,VDD_CORE,,,
AA21,20,20,-7.000,7.000,ground,GND,,,
AA22,20,21,-6.000,7.000,rail,VDD_CORE,,,
AA23,20,22,-5.000,7.000,ground,GND,,,
AA24,20,23,-4.000,7.000,rail,VDD_CORE,,,
AA25,20,24,-3.000,7.000,ground,GND,,,
AA26,20,25,-2.000,7.000,rail,VDD_CORE,,,
AA27,20,26,-1.000,7.000,ground,GND,,,
AA28,20,27,0.000,7.000,rail,VDD_CORE,,,
AA29,20,28,1.000,7.000,ground,GND,,,
AA30,20,29,2.000,7.000,rail,VDD_CORE,,,
AA31,20,30,3.000,7.000,ground,GND,,,
AA32,20,31,4.000,7.000,rail,VDD_CORE,,,
AA33,20,32,5.000,7.000,ground,GND,,,
AA34,20,33,6.000,7.000,rail,VDD_CORE,,,
AA35,20,34,7.000,7.000,ground,GND,,,
AA36,20,35,8.000,7.000,rail,VDD_CORE,,,
AA37,20,36,9.000,7.000,ground,GND,,,
AA38,20,37,10.000,7.000,rail,VDD_CORE,,,
AA39,20,38,11.000,7.000,ground,GND,,,
AA40,20,39,12.000,7.000,rail,VDD_CORE,,,
AA41,20,40,13.000,7.000,ground,GND,,,
AA42,20,41,14.000,7.000,rail,VDD_CORE,,,
AA43,20,42,15.000,7.000,ground,GND,,,
AA44,20,43,16.000,7.000,rail,VDD_CORE,,,
AA45,20,44,17.000,7.000,ground,GND,,,
AA46,20,45,18.000,7.000,rail,VDD_CORE,,,
AA47,20,46,19.000,7.000,ground,GND,,,
AA48,20,47,20.000,7.000,rail,VDD_CORE,,,
AA49,20,48,21.000,7.000,ground,GND,,,
AA50,20,49,22.000,7.000,rail,VDD_CORE,,,
AA51,20,50,23.000,7.000,ground,GND,,,
AA52,20,51,24.000,7.000,rail,VDD_CORE,,,
AA53,20,52,25.000,7.000,ground,GND,,,
AA54,20,53,26.000,7.000,signal,link_out,DATA5,E,1
AA55,20,54,27.000,7.000,signal,link_out,DATA4,E,0
AB1,21,0,-27.000,6.000,signal,link_in,DATA6,W,0
AB2,21,1,-26.000,6.000,signal,link_in,DATA7,W,1
AB3,21,2,-25.000,6.000,rail,VDD_CORE,,,
AB4,21,3,-24.000,6.000,ground,GND,,,
AB5,21,4,-23.000,6.000,rail,VDD_CORE,,,
AB6,21,5,-22.000,6.000,ground,GND,,,
AB7,21,6,-21.000,6.000,rail,VDD_CORE,,,
AB8,21,7,-20.000,6.000,ground,GND,,,
AB9,21,8,-19.000,6.000,rail,VDD_CORE,,,
AB10,21,9,-18.000,6.000,ground,GND,,,
AB11,21,10,-17.000,6.000,rail,VDD_CORE,,,
AB12,21,11,-16.000,6.000,ground,GND,,,
AB13,21,12,-15.000,6.000,rail,VDD_CORE,,,
AB14,21,13,-14.000,6.000,ground,GND,,,
AB15,21,14,-13.000,6.000,rail,VDD_CORE,,,
AB16,21,15,-12.000,6.000,ground,GND,,,
AB17,21,16,-11.000,6.000,rail,VDD_CORE,,,
AB18,21,17,-10.000,6.000,ground,GND,,,
AB19,21,18,-9.000,6.000,rail,VDD_CORE,,,
AB20,21,19,-8.000,6.000,ground,GND,,,
AB21,21,20,-7.000,6.000,rail,VDD_CORE,,,
AB22,21,21,-6.000,6.000,ground,GND,,,
AB23,21,22,-5.000,6.000,rail,VDD_CORE,,,
AB24,21,23,-4.000,6.000,ground,GND,,,
AB25,21,24,-3.000,6.000,rail,VDD_CORE,,,
AB26,21,25,-2.000,6.000,ground,GND,,,
AB27,21,26,-1.000,6.000,rail,VDD_CORE,,,
AB28,21,27,0.000,6.000,ground,GND,,,
AB29,21,28,1.000,6.000,rail,VDD_CORE,,,
AB30,21,29,2.000,6.000,ground,GND,,,
AB31,21,30,3.000,6.000,rail,VDD_CORE,,,
AB32,21,31,4.000,6.000,ground,GND,,,
AB33,21,32,5.000,6.000,rail,VDD_CORE,,,
AB34,21,33,6.000,6.000,ground,GND,,,
AB35,21,34,7.000,6.000,rail,VDD_CORE,,,
AB36,21,35,8.000,6.000,ground,GND,,,
AB37,21,36,9.000,6.000,rail,VDD_CORE,,,
AB38,21,37,10.000,6.000,ground,GND,,,
AB39,21,38,11.000,6.000,rail,VDD_CORE,,,
AB40,21,39,12.000,6.000,ground,GND,,,
AB41,21,40,13.000,6.000,rail,VDD_CORE,,,
AB42,21,41,14.000,6.000,ground,GND,,,
AB43,21,42,15.000,6.000,rail,VDD_CORE,,,
AB44,21,43,16.000,6.000,ground,GND,,,
AB45,21,44,17.000,6.000,rail,VDD_CORE,,,
AB46,21,45,18.000,6.000,ground,GND,,,
AB47,21,46,19.000,6.000,rail,VDD_CORE,,,
AB48,21,47,20.000,6.000,ground,GND,,,
AB49,21,48,21.000,6.000,rail,VDD_CORE,,,
AB50,21,49,22.000,6.000,ground,GND,,,
AB51,21,50,23.000,6.000,rail,VDD_CORE,,,
AB52,21,51,24.000,6.000,ground,GND,,,
AB53,21,52,25.000,6.000,rail,VDD_CORE,,,
AB54,21,53,26.000,6.000,signal,link_out,DATA7,E,1
AB55,21,54,27.000,6.000,signal,link_out,DATA6,E,0
AC1,22,0,-27.000,5.000,signal,link_in,DATA8,W,0
AC2,22,1,-26.000,5.000,signal,link_in,DATA9,W,1
AC3,22,2,-25.000,5.000,ground,GND,,,
AC4,22,3,-24.000,5.000,rail,VDD_CORE,,,
AC5,22,4,-23.000,5.000,ground,GND,,,
AC6,22,5,-22.000,5.000,rail,VDD_CORE,,,
AC7,22,6,-21.000,5.000,ground,GND,,,
AC8,22,7,-20.000,5.000,rail,VDD_CORE,,,
AC9,22,8,-19.000,5.000,ground,GND,,,
AC10,22,9,-18.000,5.000,rail,VDD_CORE,,,
AC11,22,10,-17.000,5.000,ground,GND,,,
AC12,22,11,-16.000,5.000,rail,VDD_CORE,,,
AC13,22,12,-15.000,5.000,ground,GND,,,
AC14,22,13,-14.000,5.000,rail,VDD_CORE,,,
AC15,22,14,-13.000,5.000,ground,GND,,,
AC16,22,15,-12.000,5.000,rail,VDD_CORE,,,
AC17,22,16,-11.000,5.000,ground,GND,,,
AC18,22,17,-10.000,5.000,rail,VDD_CORE,,,
AC19,22,18,-9.000,5.000,ground,GND,,,
AC20,22,19,-8.000,5.000,rail,VDD_CORE,,,
AC21,22,20,-7.000,5.000,ground,GND,,,
AC22,22,21,-6.000,5.000,rail,VDD_CORE,,,
AC23,22,22,-5.000,5.000,ground,GND,,,
AC24,22,23,-4.000,5.000,rail,VDD_CORE,,,
AC25,22,24,-3.000,5.000,ground,GND,,,
AC26,22,25,-2.000,5.000,rail,VDD_CORE,,,
AC27,22,26,-1.000,5.000,ground,GND,,,
AC28,22,27,0.000,5.000,rail,VDD_CORE,,,
AC29,22,28,1.000,5.000,ground,GND,,,
AC30,22,29,2.000,5.000,rail,VDD_CORE,,,
AC31,22,30,3.000,5.000,ground,GND,,,
AC32,22,31,4.000,5.000,rail,VDD_CORE,,,
AC33,22,32,5.000,5.000,ground,GND,,,
AC34,22,33,6.000,5.000,rail,VDD_CORE,,,
AC35,22,34,7.000,5.000,ground,GND,,,
AC36,22,35,8.000,5.000,rail,VDD_CORE,,,
AC37,22,36,9.000,5.000,ground,GND,,,
AC38,22,37,10.000,5.000,rail,VDD_CORE,,,
AC39,22,38,11.000,5.000,ground,GND,,,
AC40,22,39,12.000,5.000,rail,VDD_CORE,,,
AC41,22,40,13.000,5.000,ground,GND,,,
AC42,22,41,14.000,5.000,rail,VDD_CORE,,,
AC43,22,42,15.000,5.000,ground,GND,,,
AC44,22,43,16.000,5.000,rail,VDD_CORE,,,
AC45,22,44,17.000,5.000,ground,GND,,,
AC46,22,45,18.000,5.000,rail,VDD_CORE,,,
AC47,22,46,19.000,5.000,ground,GND,,,
AC48,22,47,20.000,5.000,rail,VDD_CORE,,,
AC49,22,48,21.000,5.000,ground,GND,,,
AC50,22,49,22.000,5.000,rail,VDD_CORE,,,
AC51,22,50,23.000,5.000,ground,GND,,,
AC52,22,51,24.000,5.000,rail,VDD_CORE,,,
AC53,22,52,25.000,5.000,ground,GND,,,
AC54,22,53,26.000,5.000,signal,link_out,DATA9,E,1
AC55,22,54,27.000,5.000,signal,link_out,DATA8,E,0
AD1,23,0,-27.000,4.000,signal,link_in,DATA10,W,0
AD2,23,1,-26.000,4.000,signal,link_in,DATA11,W,1
AD3,23,2,-25.000,4.000,rail,VDD_CORE,,,
AD4,23,3,-24.000,4.000,ground,GND,,,
AD5,23,4,-23.000,4.000,rail,VDD_CORE,,,
AD6,23,5,-22.000,4.000,ground,GND,,,
AD7,23,6,-21.000,4.000,rail,VDD_CORE,,,
AD8,23,7,-20.000,4.000,ground,GND,,,
AD9,23,8,-19.000,4.000,rail,VDD_CORE,,,
AD10,23,9,-18.000,4.000,ground,GND,,,
AD11,23,10,-17.000,4.000,rail,VDD_CORE,,,
AD12,23,11,-16.000,4.000,ground,GND,,,
AD13,23,12,-15.000,4.000,rail,VDD_CORE,,,
AD14,23,13,-14.000,4.000,ground,GND,,,
AD15,23,14,-13.000,4.000,rail,VDD_CORE,,,
AD16,23,15,-12.000,4.000,ground,GND,,,
AD17,23,16,-11.000,4.000,rail,VDD_CORE,,,
AD18,23,17,-10.000,4.000,ground,GND,,,
AD19,23,18,-9.000,4.000,rail,VDD_CORE,,,
AD20,23,19,-8.000,4.000,ground,GND,,,
AD21,23,20,-7.000,4.000,rail,VDD_CORE,,,
AD22,23,21,-6.000,4.000,ground,GND,,,
AD23,23,22,-5.000,4.000,rail,VDD_CORE,,,
AD24,23,23,-4.000,4.000,ground,GND,,,
AD25,23,24,-3.000,4.000,rail,VDD_CORE,,,
AD26,23,25,-2.000,4.000,ground,GND,,,
AD27,23,26,-1.000,4.000,rail,VDD_CORE,,,
AD28,23,27,0.000,4.000,ground,GND,,,
AD29,23,28,1.000,4.000,rail,VDD_CORE,,,
AD30,23,29,2.000,4.000,ground,GND,,,
AD31,23,30,3.000,4.000,rail,VDD_CORE,,,
AD32,23,31,4.000,4.000,ground,GND,,,
AD33,23,32,5.000,4.000,rail,VDD_CORE,,,
AD34,23,33,6.000,4.000,ground,GND,,,
AD35,23,34,7.000,4.000,rail,VDD_CORE,,,
AD36,23,35,8.000,4.000,ground,GND,,,
AD37,23,36,9.000,4.000,rail,VDD_CORE,,,
AD38,23,37,10.000,4.000,ground,GND,,,
AD39,23,38,11.000,4.000,rail,VDD_CORE,,,
AD40,23,39,12.000,4.000,ground,GND,,,
AD41,23,40,13.000,4.000,rail,VDD_CORE,,,
AD42,23,41,14.000,4.000,ground,GND,,,
AD43,23,42,15.000,4.000,rail,VDD_CORE,,,
AD44,23,43,16.000,4.000,ground,GND,,,
AD45,23,44,17.000,4.000,rail,VDD_CORE,,,
AD46,23,45,18.000,4.000,ground,GND,,,
AD47,23,46,19.000,4.000,rail,VDD_CORE,,,
AD48,23,47,20.000,4.000,ground,GND,,,
AD49,23,48,21.000,4.000,rail,VDD_CORE,,,
AD50,23,49,22.000,4.000,ground,GND,,,
AD51,23,50,23.000,4.000,rail,VDD_CORE,,,
AD52,23,51,24.000,4.000,ground,GND,,,
AD53,23,52,25.000,4.000,rail,VDD_CORE,,,
AD54,23,53,26.000,4.000,signal,link_out,DATA11,E,1
AD55,23,54,27.000,4.000,signal,link_out,DATA10,E,0
AE1,24,0,-27.000,3.000,signal,link_in,DATA12,W,0
AE2,24,1,-26.000,3.000,signal,link_in,DATA13,W,1
AE3,24,2,-25.000,3.000,ground,GND,,,
AE4,24,3,-24.000,3.000,rail,VDD_CORE,,,
AE5,24,4,-23.000,3.000,ground,GND,,,
AE6,24,5,-22.000,3.000,rail,VDD_CORE,,,
AE7,24,6,-21.000,3.000,ground,GND,,,
AE8,24,7,-20.000,3.000,rail,VDD_CORE,,,
AE9,24,8,-19.000,3.000,ground,GND,,,
AE10,24,9,-18.000,3.000,rail,VDD_CORE,,,
AE11,24,10,-17.000,3.000,ground,GND,,,
AE12,24,11,-16.000,3.000,rail,VDD_CORE,,,
AE13,24,12,-15.000,3.000,ground,GND,,,
AE14,24,13,-14.000,3.000,rail,VDD_CORE,,,
AE15,24,14,-13.000,3.000,ground,GND,,,
AE16,24,15,-12.000,3.000,rail,VDD_CORE,,,
AE17,24,16,-11.000,3.000,ground,GND,,,
AE18,24,17,-10.000,3.000,rail,VDD_CORE,,,
AE19,24,18,-9.000,3.000,ground,GND,,,
AE20,24,19,-8.000,3.000,rail,VDD_CORE,,,
AE21,24,20,-7.000,3.000,ground,GND,,,
AE22,24,21,-6.000,3.000,rail,VDD_CORE,,,
AE23,24,22,-5.000,3.000,ground,GND,,,
AE24,24,23,-4.000,3.000,rail,VDD_CORE,,,
AE25,24,24,-3.000,3.000,ground,GND,,,
AE26,24,25,-2.000,3.000,rail,VDD_CORE,,,
AE27,24,26,-1.000,3.000,ground,GND,,,
AE28,24,27,0.000,3.000,rail,VDD_CORE,,,
AE29,24,28,1.000,3.000,ground,GND,,,
AE30,24,29,2.000,3.000,rail,VDD_CORE,,,
AE31,24,30,3.000,3.000,ground,GND,,,
AE32,24,31,4.000,3.000,rail,VDD_CORE,,,
AE33,24,32,5.000,3.000,ground,GND,,,
AE34,24,33,6.000,3.000,rail,VDD_CORE,,,
AE35,24,34,7.000,3.000,ground,GND,,,
AE36,24,35,8.000,3.000,rail,VDD_CORE,,,
AE37,24,36,9.000,3.000,ground,GND,,,
AE38,24,37,10.000,3.000,rail,VDD_CORE,,,
AE39,24,38,11.000,3.000,ground,GND,,,
AE40,24,39,12.000,3.000,rail,VDD_CORE,,,
AE41,24,40,13.000,3.000,ground,GND,,,
AE42,24,41,14.000,3.000,rail,VDD_CORE,,,
AE43,24,42,15.000,3.000,ground,GND,,,
AE44,24,43,16.000,3.000,rail,VDD_CORE,,,
AE45,24,44,17.000,3.000,ground,GND,,,
AE46,24,45,18.000,3.000,rail,VDD_CORE,,,
AE47,24,46,19.000,3.000,ground,GND,,,
AE48,24,47,20.000,3.000,rail,VDD_CORE,,,
AE49,24,48,21.000,3.000,ground,GND,,,
AE50,24,49,22.000,3.000,rail,VDD_CORE,,,
AE51,24,50,23.000,3.000,ground,GND,,,
AE52,24,51,24.000,3.000,rail,VDD_CORE,,,
AE53,24,52,25.000,3.000,ground,GND,,,
AE54,24,53,26.000,3.000,signal,link_out,DATA13,E,1
AE55,24,54,27.000,3.000,signal,link_out,DATA12,E,0
AF1,25,0,-27.000,2.000,signal,link_in,DATA14,W,0
AF2,25,1,-26.000,2.000,signal,link_in,DATA15,W,1
AF3,25,2,-25.000,2.000,rail,VDD_CORE,,,
AF4,25,3,-24.000,2.000,ground,GND,,,
AF5,25,4,-23.000,2.000,rail,VDD_CORE,,,
AF6,25,5,-22.000,2.000,ground,GND,,,
AF7,25,6,-21.000,2.000,rail,VDD_CORE,,,
AF8,25,7,-20.000,2.000,ground,GND,,,
AF9,25,8,-19.000,2.000,rail,VDD_CORE,,,
AF10,25,9,-18.000,2.000,ground,GND,,,
AF11,25,10,-17.000,2.000,rail,VDD_CORE,,,
AF12,25,11,-16.000,2.000,ground,GND,,,
AF13,25,12,-15.000,2.000,rail,VDD_CORE,,,
AF14,25,13,-14.000,2.000,ground,GND,,,
AF15,25,14,-13.000,2.000,rail,VDD_CORE,,,
AF16,25,15,-12.000,2.000,ground,GND,,,
AF17,25,16,-11.000,2.000,rail,VDD_CORE,,,
AF18,25,17,-10.000,2.000,ground,GND,,,
AF19,25,18,-9.000,2.000,rail,VDD_CORE,,,
AF20,25,19,-8.000,2.000,ground,GND,,,
AF21,25,20,-7.000,2.000,rail,VDD_CORE,,,
AF22,25,21,-6.000,2.000,ground,GND,,,
AF23,25,22,-5.000,2.000,rail,VDD_CORE,,,
AF24,25,23,-4.000,2.000,ground,GND,,,
AF25,25,24,-3.000,2.000,rail,VDD_CORE,,,
AF26,25,25,-2.000,2.000,ground,GND,,,
AF27,25,26,-1.000,2.000,rail,VDD_CORE,,,
AF28,25,27,0.000,2.000,ground,GND,,,
AF29,25,28,1.000,2.000,rail,VDD_CORE,,,
AF30,25,29,2.000,2.000,ground,GND,,,
AF31,25,30,3.000,2.000,rail,VDD_CORE,,,
AF32,25,31,4.000,2.000,ground,GND,,,
AF33,25,32,5.000,2.000,rail,VDD_CORE,,,
AF34,25,33,6.000,2.000,ground,GND,,,
AF35,25,34,7.000,2.000,rail,VDD_CORE,,,
AF36,25,35,8.000,2.000,ground,GND,,,
AF37,25,36,9.000,2.000,rail,VDD_CORE,,,
AF38,25,37,10.000,2.000,ground,GND,,,
AF39,25,38,11.000,2.000,rail,VDD_CORE,,,
AF40,25,39,12.000,2.000,ground,GND,,,
AF41,25,40,13.000,2.000,rail,VDD_CORE,,,
AF42,25,41,14.000,2.000,ground,GND,,,
AF43,25,42,15.000,2.000,rail,VDD_CORE,,,
AF44,25,43,16.000,2.000,ground,GND,,,
AF45,25,44,17.000,2.000,rail,VDD_CORE,,,
AF46,25,45,18.000,2.000,ground,GND,,,
AF47,25,46,19.000,2.000,rail,VDD_CORE,,,
AF48,25,47,20.000,2.000,ground,GND,,,
AF49,25,48,21.000,2.000,rail,VDD_CORE,,,
AF50,25,49,22.000,2.000,ground,GND,,,
AF51,25,50,23.000,2.000,rail,VDD_CORE,,,
AF52,25,51,24.000,2.000,ground,GND,,,
AF53,25,52,25.000,2.000,rail,VDD_CORE,,,
AF54,25,53,26.000,2.000,signal,link_out,DATA15,E,1
AF55,25,54,27.000,2.000,signal,link_out,DATA14,E,0
AG1,26,0,-27.000,1.000,signal,link_in,DATA16,W,0
AG2,26,1,-26.000,1.000,signal,link_in,DATA17,W,1
AG3,26,2,-25.000,1.000,ground,GND,,,
AG4,26,3,-24.000,1.000,rail,VDD_CORE,,,
AG5,26,4,-23.000,1.000,ground,GND,,,
AG6,26,5,-22.000,1.000,rail,VDD_CORE,,,
AG7,26,6,-21.000,1.000,ground,GND,,,
AG8,26,7,-20.000,1.000,rail,VDD_CORE,,,
AG9,26,8,-19.000,1.000,ground,GND,,,
AG10,26,9,-18.000,1.000,rail,VDD_CORE,,,
AG11,26,10,-17.000,1.000,ground,GND,,,
AG12,26,11,-16.000,1.000,rail,VDD_CORE,,,
AG13,26,12,-15.000,1.000,ground,GND,,,
AG14,26,13,-14.000,1.000,rail,VDD_CORE,,,
AG15,26,14,-13.000,1.000,ground,GND,,,
AG16,26,15,-12.000,1.000,rail,VDD_CORE,,,
AG17,26,16,-11.000,1.000,ground,GND,,,
AG18,26,17,-10.000,1.000,rail,VDD_CORE,,,
AG19,26,18,-9.000,1.000,ground,GND,,,
AG20,26,19,-8.000,1.000,rail,VDD_CORE,,,
AG21,26,20,-7.000,1.000,ground,GND,,,
AG22,26,21,-6.000,1.000,rail,VDD_CORE,,,
AG23,26,22,-5.000,1.000,ground,GND,,,
AG24,26,23,-4.000,1.000,rail,VDD_CORE,,,
AG25,26,24,-3.000,1.000,ground,GND,,,
AG26,26,25,-2.000,1.000,rail,VDD_CORE,,,
AG27,26,26,-1.000,1.000,ground,GND,,,
AG28,26,27,0.000,1.000,rail,VDD_CORE,,,
AG29,26,28,1.000,1.000,ground,GND,,,
AG30,26,29,2.000,1.000,rail,VDD_CORE,,,
AG31,26,30,3.000,1.000,ground,GND,,,
AG32,26,31,4.000,1.000,rail,VDD_CORE,,,
AG33,26,32,5.000,1.000,ground,GND,,,
AG34,26,33,6.000,1.000,rail,VDD_CORE,,,
AG35,26,34,7.000,1.000,ground,GND,,,
AG36,26,35,8.000,1.000,rail,VDD_CORE,,,
AG37,26,36,9.000,1.000,ground,GND,,,
AG38,26,37,10.000,1.000,rail,VDD_CORE,,,
AG39,26,38,11.000,1.000,ground,GND,,,
AG40,26,39,12.000,1.000,rail,VDD_CORE,,,
AG41,26,40,13.000,1.000,ground,GND,,,
AG42,26,41,14.000,1.000,rail,VDD_CORE,,,
AG43,26,42,15.000,1.000,ground,GND,,,
AG44,26,43,16.000,1.000,rail,VDD_CORE,,,
AG45,26,44,17.000,1.000,ground,GND,,,
AG46,26,45,18.000,1.000,rail,VDD_CORE,,,
AG47,26,46,19.000,1.000,ground,GND,,,
AG48,26,47,20.000,1.000,rail,VDD_CORE,,,
AG49,26,48,21.000,1.000,ground,GND,,,
AG50,26,49,22.000,1.000,rail,VDD_CORE,,,
AG51,26,50,23.000,1.000,ground,GND,,,
AG52,26,51,24.000,1.000,rail,VDD_CORE,,,
AG53,26,52,25.000,1.000,ground,GND,,,
AG54,26,53,26.000,1.000,signal,link_out,DATA17,E,1
AG55,26,54,27.000,1.000,signal,link_out,DATA16,E,0
AH1,27,0,-27.000,0.000,signal,link_in,DATA18,W,0
AH2,27,1,-26.000,0.000,signal,link_in,DATA19,W,1
AH3,27,2,-25.000,0.000,rail,VDD_CORE,,,
AH4,27,3,-24.000,0.000,ground,GND,,,
AH5,27,4,-23.000,0.000,rail,VDD_CORE,,,
AH6,27,5,-22.000,0.000,ground,GND,,,
AH7,27,6,-21.000,0.000,rail,VDD_CORE,,,
AH8,27,7,-20.000,0.000,ground,GND,,,
AH9,27,8,-19.000,0.000,rail,VDD_CORE,,,
AH10,27,9,-18.000,0.000,ground,GND,,,
AH11,27,10,-17.000,0.000,rail,VDD_CORE,,,
AH12,27,11,-16.000,0.000,ground,GND,,,
AH13,27,12,-15.000,0.000,rail,VDD_CORE,,,
AH14,27,13,-14.000,0.000,ground,GND,,,
AH15,27,14,-13.000,0.000,rail,VDD_CORE,,,
AH16,27,15,-12.000,0.000,ground,GND,,,
AH17,27,16,-11.000,0.000,rail,VDD_CORE,,,
AH18,27,17,-10.000,0.000,ground,GND,,,
AH19,27,18,-9.000,0.000,rail,VDD_CORE,,,
AH20,27,19,-8.000,0.000,ground,GND,,,
AH21,27,20,-7.000,0.000,rail,VDD_CORE,,,
AH22,27,21,-6.000,0.000,ground,GND,,,
AH23,27,22,-5.000,0.000,rail,VDD_CORE,,,
AH24,27,23,-4.000,0.000,ground,GND,,,
AH25,27,24,-3.000,0.000,rail,VDD_CORE,,,
AH26,27,25,-2.000,0.000,ground,GND,,,
AH27,27,26,-1.000,0.000,rail,VDD_CORE,,,
AH28,27,27,0.000,0.000,ground,GND,,,
AH29,27,28,1.000,0.000,rail,VDD_CORE,,,
AH30,27,29,2.000,0.000,ground,GND,,,
AH31,27,30,3.000,0.000,rail,VDD_CORE,,,
AH32,27,31,4.000,0.000,ground,GND,,,
AH33,27,32,5.000,0.000,rail,VDD_CORE,,,
AH34,27,33,6.000,0.000,ground,GND,,,
AH35,27,34,7.000,0.000,rail,VDD_CORE,,,
AH36,27,35,8.000,0.000,ground,GND,,,
AH37,27,36,9.000,0.000,rail,VDD_CORE,,,
AH38,27,37,10.000,0.000,ground,GND,,,
AH39,27,38,11.000,0.000,rail,VDD_CORE,,,
AH40,27,39,12.000,0.000,ground,GND,,,
AH41,27,40,13.000,0.000,rail,VDD_CORE,,,
AH42,27,41,14.000,0.000,ground,GND,,,
AH43,27,42,15.000,0.000,rail,VDD_CORE,,,
AH44,27,43,16.000,0.000,ground,GND,,,
AH45,27,44,17.000,0.000,rail,VDD_CORE,,,
AH46,27,45,18.000,0.000,ground,GND,,,
AH47,27,46,19.000,0.000,rail,VDD_CORE,,,
AH48,27,47,20.000,0.000,ground,GND,,,
AH49,27,48,21.000,0.000,rail,VDD_CORE,,,
AH50,27,49,22.000,0.000,ground,GND,,,
AH51,27,50,23.000,0.000,rail,VDD_CORE,,,
AH52,27,51,24.000,0.000,ground,GND,,,
AH53,27,52,25.000,0.000,rail,VDD_CORE,,,
AH54,27,53,26.000,0.000,signal,link_out,DATA19,E,1
AH55,27,54,27.000,0.000,signal,link_out,DATA18,E,0
AJ1,28,0,-27.000,-1.000,signal,link_in,DATA20,W,0
AJ2,28,1,-26.000,-1.000,signal,link_in,DATA21,W,1
AJ3,28,2,-25.000,-1.000,ground,GND,,,
AJ4,28,3,-24.000,-1.000,rail,VDD_CORE,,,
AJ5,28,4,-23.000,-1.000,ground,GND,,,
AJ6,28,5,-22.000,-1.000,rail,VDD_CORE,,,
AJ7,28,6,-21.000,-1.000,ground,GND,,,
AJ8,28,7,-20.000,-1.000,rail,VDD_CORE,,,
AJ9,28,8,-19.000,-1.000,ground,GND,,,
AJ10,28,9,-18.000,-1.000,rail,VDD_CORE,,,
AJ11,28,10,-17.000,-1.000,ground,GND,,,
AJ12,28,11,-16.000,-1.000,rail,VDD_CORE,,,
AJ13,28,12,-15.000,-1.000,ground,GND,,,
AJ14,28,13,-14.000,-1.000,rail,VDD_CORE,,,
AJ15,28,14,-13.000,-1.000,ground,GND,,,
AJ16,28,15,-12.000,-1.000,rail,VDD_CORE,,,
AJ17,28,16,-11.000,-1.000,ground,GND,,,
AJ18,28,17,-10.000,-1.000,rail,VDD_CORE,,,
AJ19,28,18,-9.000,-1.000,ground,GND,,,
AJ20,28,19,-8.000,-1.000,rail,VDD_CORE,,,
AJ21,28,20,-7.000,-1.000,ground,GND,,,
AJ22,28,21,-6.000,-1.000,rail,VDD_CORE,,,
AJ23,28,22,-5.000,-1.000,ground,GND,,,
AJ24,28,23,-4.000,-1.000,rail,VDD_CORE,,,
AJ25,28,24,-3.000,-1.000,ground,GND,,,
AJ26,28,25,-2.000,-1.000,rail,VDD_CORE,,,
AJ27,28,26,-1.000,-1.000,ground,GND,,,
AJ28,28,27,0.000,-1.000,rail,VDD_CORE,,,
AJ29,28,28,1.000,-1.000,ground,GND,,,
AJ30,28,29,2.000,-1.000,rail,VDD_CORE,,,
AJ31,28,30,3.000,-1.000,ground,GND,,,
AJ32,28,31,4.000,-1.000,rail,VDD_CORE,,,
AJ33,28,32,5.000,-1.000,ground,GND,,,
AJ34,28,33,6.000,-1.000,rail,VDD_CORE,,,
AJ35,28,34,7.000,-1.000,ground,GND,,,
AJ36,28,35,8.000,-1.000,rail,VDD_CORE,,,
AJ37,28,36,9.000,-1.000,ground,GND,,,
AJ38,28,37,10.000,-1.000,rail,VDD_CORE,,,
AJ39,28,38,11.000,-1.000,ground,GND,,,
AJ40,28,39,12.000,-1.000,rail,VDD_CORE,,,
AJ41,28,40,13.000,-1.000,ground,GND,,,
AJ42,28,41,14.000,-1.000,rail,VDD_CORE,,,
AJ43,28,42,15.000,-1.000,ground,GND,,,
AJ44,28,43,16.000,-1.000,rail,VDD_CORE,,,
AJ45,28,44,17.000,-1.000,ground,GND,,,
AJ46,28,45,18.000,-1.000,rail,VDD_CORE,,,
AJ47,28,46,19.000,-1.000,ground,GND,,,
AJ48,28,47,20.000,-1.000,rail,VDD_CORE,,,
AJ49,28,48,21.000,-1.000,ground,GND,,,
AJ50,28,49,22.000,-1.000,rail,VDD_CORE,,,
AJ51,28,50,23.000,-1.000,ground,GND,,,
AJ52,28,51,24.000,-1.000,rail,VDD_CORE,,,
AJ53,28,52,25.000,-1.000,ground,GND,,,
AJ54,28,53,26.000,-1.000,signal,link_out,DATA21,E,1
AJ55,28,54,27.000,-1.000,signal,link_out,DATA20,E,0
AK1,29,0,-27.000,-2.000,signal,link_in,DATA22,W,0
AK2,29,1,-26.000,-2.000,signal,link_in,DATA23,W,1
AK3,29,2,-25.000,-2.000,rail,VDD_CORE,,,
AK4,29,3,-24.000,-2.000,ground,GND,,,
AK5,29,4,-23.000,-2.000,rail,VDD_CORE,,,
AK6,29,5,-22.000,-2.000,ground,GND,,,
AK7,29,6,-21.000,-2.000,rail,VDD_CORE,,,
AK8,29,7,-20.000,-2.000,ground,GND,,,
AK9,29,8,-19.000,-2.000,rail,VDD_CORE,,,
AK10,29,9,-18.000,-2.000,ground,GND,,,
AK11,29,10,-17.000,-2.000,rail,VDD_CORE,,,
AK12,29,11,-16.000,-2.000,ground,GND,,,
AK13,29,12,-15.000,-2.000,rail,VDD_CORE,,,
AK14,29,13,-14.000,-2.000,ground,GND,,,
AK15,29,14,-13.000,-2.000,rail,VDD_CORE,,,
AK16,29,15,-12.000,-2.000,ground,GND,,,
AK17,29,16,-11.000,-2.000,rail,VDD_CORE,,,
AK18,29,17,-10.000,-2.000,ground,GND,,,
AK19,29,18,-9.000,-2.000,rail,VDD_CORE,,,
AK20,29,19,-8.000,-2.000,ground,GND,,,
AK21,29,20,-7.000,-2.000,rail,VDD_CORE,,,
AK22,29,21,-6.000,-2.000,ground,GND,,,
AK23,29,22,-5.000,-2.000,rail,VDD_CORE,,,
AK24,29,23,-4.000,-2.000,ground,GND,,,
AK25,29,24,-3.000,-2.000,rail,VDD_CORE,,,
AK26,29,25,-2.000,-2.000,ground,GND,,,
AK27,29,26,-1.000,-2.000,rail,VDD_CORE,,,
AK28,29,27,0.000,-2.000,ground,GND,,,
AK29,29,28,1.000,-2.000,rail,VDD_CORE,,,
AK30,29,29,2.000,-2.000,ground,GND,,,
AK31,29,30,3.000,-2.000,rail,VDD_CORE,,,
AK32,29,31,4.000,-2.000,ground,GND,,,
AK33,29,32,5.000,-2.000,rail,VDD_CORE,,,
AK34,29,33,6.000,-2.000,ground,GND,,,
AK35,29,34,7.000,-2.000,rail,VDD_CORE,,,
AK36,29,35,8.000,-2.000,ground,GND,,,
AK37,29,36,9.000,-2.000,rail,VDD_CORE,,,
AK38,29,37,10.000,-2.000,ground,GND,,,
AK39,29,38,11.000,-2.000,rail,VDD_CORE,,,
AK40,29,39,12.000,-2.000,ground,GND,,,
AK41,29,40,13.000,-2.000,rail,VDD_CORE,,,
AK42,29,41,14.000,-2.000,ground,GND,,,
AK43,29,42,15.000,-2.000,rail,VDD_CORE,,,
AK44,29,43,16.000,-2.000,ground,GND,,,
AK45,29,44,17.000,-2.000,rail,VDD_CORE,,,
AK46,29,45,18.000,-2.000,ground,GND,,,
AK47,29,46,19.000,-2.000,rail,VDD_CORE,,,
AK48,29,47,20.000,-2.000,ground,GND,,,
AK49,29,48,21.000,-2.000,rail,VDD_CORE,,,
AK50,29,49,22.000,-2.000,ground,GND,,,
AK51,29,50,23.000,-2.000,rail,VDD_CORE,,,
AK52,29,51,24.000,-2.000,ground,GND,,,
AK53,29,52,25.000,-2.000,rail,VDD_CORE,,,
AK54,29,53,26.000,-2.000,signal,link_out,DATA23,E,1
AK55,29,54,27.000,-2.000,signal,link_out,DATA22,E,0
AL1,30,0,-27.000,-3.000,signal,link_in,DATA24,W,0
AL2,30,1,-26.000,-3.000,signal,link_in,DATA25,W,1
AL3,30,2,-25.000,-3.000,ground,GND,,,
AL4,30,3,-24.000,-3.000,rail,VDD_CORE,,,
AL5,30,4,-23.000,-3.000,ground,GND,,,
AL6,30,5,-22.000,-3.000,rail,VDD_CORE,,,
AL7,30,6,-21.000,-3.000,ground,GND,,,
AL8,30,7,-20.000,-3.000,rail,VDD_CORE,,,
AL9,30,8,-19.000,-3.000,ground,GND,,,
AL10,30,9,-18.000,-3.000,rail,VDD_CORE,,,
AL11,30,10,-17.000,-3.000,ground,GND,,,
AL12,30,11,-16.000,-3.000,rail,VDD_CORE,,,
AL13,30,12,-15.000,-3.000,ground,GND,,,
AL14,30,13,-14.000,-3.000,rail,VDD_CORE,,,
AL15,30,14,-13.000,-3.000,ground,GND,,,
AL16,30,15,-12.000,-3.000,rail,VDD_CORE,,,
AL17,30,16,-11.000,-3.000,ground,GND,,,
AL18,30,17,-10.000,-3.000,rail,VDD_CORE,,,
AL19,30,18,-9.000,-3.000,ground,GND,,,
AL20,30,19,-8.000,-3.000,rail,VDD_CORE,,,
AL21,30,20,-7.000,-3.000,ground,GND,,,
AL22,30,21,-6.000,-3.000,rail,VDD_CORE,,,
AL23,30,22,-5.000,-3.000,ground,GND,,,
AL24,30,23,-4.000,-3.000,rail,VDD_CORE,,,
AL25,30,24,-3.000,-3.000,ground,GND,,,
AL26,30,25,-2.000,-3.000,rail,VDD_CORE,,,
AL27,30,26,-1.000,-3.000,ground,GND,,,
AL28,30,27,0.000,-3.000,rail,VDD_CORE,,,
AL29,30,28,1.000,-3.000,ground,GND,,,
AL30,30,29,2.000,-3.000,rail,VDD_CORE,,,
AL31,30,30,3.000,-3.000,ground,GND,,,
AL32,30,31,4.000,-3.000,rail,VDD_CORE,,,
AL33,30,32,5.000,-3.000,ground,GND,,,
AL34,30,33,6.000,-3.000,rail,VDD_CORE,,,
AL35,30,34,7.000,-3.000,ground,GND,,,
AL36,30,35,8.000,-3.000,rail,VDD_CORE,,,
AL37,30,36,9.000,-3.000,ground,GND,,,
AL38,30,37,10.000,-3.000,rail,VDD_CORE,,,
AL39,30,38,11.000,-3.000,ground,GND,,,
AL40,30,39,12.000,-3.000,rail,VDD_CORE,,,
AL41,30,40,13.000,-3.000,ground,GND,,,
AL42,30,41,14.000,-3.000,rail,VDD_CORE,,,
AL43,30,42,15.000,-3.000,ground,GND,,,
AL44,30,43,16.000,-3.000,rail,VDD_CORE,,,
AL45,30,44,17.000,-3.000,ground,GND,,,
AL46,30,45,18.000,-3.000,rail,VDD_CORE,,,
AL47,30,46,19.000,-3.000,ground,GND,,,
AL48,30,47,20.000,-3.000,rail,VDD_CORE,,,
AL49,30,48,21.000,-3.000,ground,GND,,,
AL50,30,49,22.000,-3.000,rail,VDD_CORE,,,
AL51,30,50,23.000,-3.000,ground,GND,,,
AL52,30,51,24.000,-3.000,rail,VDD_CORE,,,
AL53,30,52,25.000,-3.000,ground,GND,,,
AL54,30,53,26.000,-3.000,signal,link_out,DATA25,E,1
AL55,30,54,27.000,-3.000,signal,link_out,DATA24,E,0
AM1,31,0,-27.000,-4.000,signal,link_in,DATA26,W,0
AM2,31,1,-26.000,-4.000,signal,link_in,DATA27,W,1
AM3,31,2,-25.000,-4.000,rail,VDD_CORE,,,
AM4,31,3,-24.000,-4.000,ground,GND,,,
AM5,31,4,-23.000,-4.000,rail,VDD_CORE,,,
AM6,31,5,-22.000,-4.000,ground,GND,,,
AM7,31,6,-21.000,-4.000,rail,VDD_CORE,,,
AM8,31,7,-20.000,-4.000,ground,GND,,,
AM9,31,8,-19.000,-4.000,rail,VDD_CORE,,,
AM10,31,9,-18.000,-4.000,ground,GND,,,
AM11,31,10,-17.000,-4.000,rail,VDD_CORE,,,
AM12,31,11,-16.000,-4.000,ground,GND,,,
AM13,31,12,-15.000,-4.000,rail,VDD_CORE,,,
AM14,31,13,-14.000,-4.000,ground,GND,,,
AM15,31,14,-13.000,-4.000,rail,VDD_CORE,,,
AM16,31,15,-12.000,-4.000,ground,GND,,,
AM17,31,16,-11.000,-4.000,rail,VDD_CORE,,,
AM18,31,17,-10.000,-4.000,ground,GND,,,
AM19,31,18,-9.000,-4.000,rail,VDD_CORE,,,
AM20,31,19,-8.000,-4.000,ground,GND,,,
AM21,31,20,-7.000,-4.000,rail,VDD_CORE,,,
AM22,31,21,-6.000,-4.000,ground,GND,,,
AM23,31,22,-5.000,-4.000,rail,VDD_CORE,,,
AM24,31,23,-4.000,-4.000,ground,GND,,,
AM25,31,24,-3.000,-4.000,rail,VDD_CORE,,,
AM26,31,25,-2.000,-4.000,ground,GND,,,
AM27,31,26,-1.000,-4.000,rail,VDD_CORE,,,
AM28,31,27,0.000,-4.000,ground,GND,,,
AM29,31,28,1.000,-4.000,rail,VDD_CORE,,,
AM30,31,29,2.000,-4.000,ground,GND,,,
AM31,31,30,3.000,-4.000,rail,VDD_CORE,,,
AM32,31,31,4.000,-4.000,ground,GND,,,
AM33,31,32,5.000,-4.000,rail,VDD_CORE,,,
AM34,31,33,6.000,-4.000,ground,GND,,,
AM35,31,34,7.000,-4.000,rail,VDD_CORE,,,
AM36,31,35,8.000,-4.000,ground,GND,,,
AM37,31,36,9.000,-4.000,rail,VDD_CORE,,,
AM38,31,37,10.000,-4.000,ground,GND,,,
AM39,31,38,11.000,-4.000,rail,VDD_CORE,,,
AM40,31,39,12.000,-4.000,ground,GND,,,
AM41,31,40,13.000,-4.000,rail,VDD_CORE,,,
AM42,31,41,14.000,-4.000,ground,GND,,,
AM43,31,42,15.000,-4.000,rail,VDD_CORE,,,
AM44,31,43,16.000,-4.000,ground,GND,,,
AM45,31,44,17.000,-4.000,rail,VDD_CORE,,,
AM46,31,45,18.000,-4.000,ground,GND,,,
AM47,31,46,19.000,-4.000,rail,VDD_CORE,,,
AM48,31,47,20.000,-4.000,ground,GND,,,
AM49,31,48,21.000,-4.000,rail,VDD_CORE,,,
AM50,31,49,22.000,-4.000,ground,GND,,,
AM51,31,50,23.000,-4.000,rail,VDD_CORE,,,
AM52,31,51,24.000,-4.000,ground,GND,,,
AM53,31,52,25.000,-4.000,rail,VDD_CORE,,,
AM54,31,53,26.000,-4.000,signal,link_out,DATA27,E,1
AM55,31,54,27.000,-4.000,signal,link_out,DATA26,E,0
AN1,32,0,-27.000,-5.000,signal,link_in,DATA28,W,0
AN2,32,1,-26.000,-5.000,signal,link_in,DATA29,W,1
AN3,32,2,-25.000,-5.000,ground,GND,,,
AN4,32,3,-24.000,-5.000,rail,VDD_CORE,,,
AN5,32,4,-23.000,-5.000,ground,GND,,,
AN6,32,5,-22.000,-5.000,rail,VDD_CORE,,,
AN7,32,6,-21.000,-5.000,ground,GND,,,
AN8,32,7,-20.000,-5.000,rail,VDD_CORE,,,
AN9,32,8,-19.000,-5.000,ground,GND,,,
AN10,32,9,-18.000,-5.000,rail,VDD_CORE,,,
AN11,32,10,-17.000,-5.000,ground,GND,,,
AN12,32,11,-16.000,-5.000,rail,VDD_CORE,,,
AN13,32,12,-15.000,-5.000,ground,GND,,,
AN14,32,13,-14.000,-5.000,rail,VDD_CORE,,,
AN15,32,14,-13.000,-5.000,ground,GND,,,
AN16,32,15,-12.000,-5.000,rail,VDD_CORE,,,
AN17,32,16,-11.000,-5.000,ground,GND,,,
AN18,32,17,-10.000,-5.000,rail,VDD_CORE,,,
AN19,32,18,-9.000,-5.000,ground,GND,,,
AN20,32,19,-8.000,-5.000,rail,VDD_CORE,,,
AN21,32,20,-7.000,-5.000,ground,GND,,,
AN22,32,21,-6.000,-5.000,rail,VDD_CORE,,,
AN23,32,22,-5.000,-5.000,ground,GND,,,
AN24,32,23,-4.000,-5.000,rail,VDD_CORE,,,
AN25,32,24,-3.000,-5.000,ground,GND,,,
AN26,32,25,-2.000,-5.000,rail,VDD_CORE,,,
AN27,32,26,-1.000,-5.000,ground,GND,,,
AN28,32,27,0.000,-5.000,rail,VDD_CORE,,,
AN29,32,28,1.000,-5.000,ground,GND,,,
AN30,32,29,2.000,-5.000,rail,VDD_CORE,,,
AN31,32,30,3.000,-5.000,ground,GND,,,
AN32,32,31,4.000,-5.000,rail,VDD_CORE,,,
AN33,32,32,5.000,-5.000,ground,GND,,,
AN34,32,33,6.000,-5.000,rail,VDD_CORE,,,
AN35,32,34,7.000,-5.000,ground,GND,,,
AN36,32,35,8.000,-5.000,rail,VDD_CORE,,,
AN37,32,36,9.000,-5.000,ground,GND,,,
AN38,32,37,10.000,-5.000,rail,VDD_CORE,,,
AN39,32,38,11.000,-5.000,ground,GND,,,
AN40,32,39,12.000,-5.000,rail,VDD_CORE,,,
AN41,32,40,13.000,-5.000,ground,GND,,,
AN42,32,41,14.000,-5.000,rail,VDD_CORE,,,
AN43,32,42,15.000,-5.000,ground,GND,,,
AN44,32,43,16.000,-5.000,rail,VDD_CORE,,,
AN45,32,44,17.000,-5.000,ground,GND,,,
AN46,32,45,18.000,-5.000,rail,VDD_CORE,,,
AN47,32,46,19.000,-5.000,ground,GND,,,
AN48,32,47,20.000,-5.000,rail,VDD_CORE,,,
AN49,32,48,21.000,-5.000,ground,GND,,,
AN50,32,49,22.000,-5.000,rail,VDD_CORE,,,
AN51,32,50,23.000,-5.000,ground,GND,,,
AN52,32,51,24.000,-5.000,rail,VDD_CORE,,,
AN53,32,52,25.000,-5.000,ground,GND,,,
AN54,32,53,26.000,-5.000,signal,link_out,DATA29,E,1
AN55,32,54,27.000,-5.000,signal,link_out,DATA28,E,0
AP1,33,0,-27.000,-6.000,signal,link_in,DATA30,W,0
AP2,33,1,-26.000,-6.000,signal,link_in,DATA31,W,1
AP3,33,2,-25.000,-6.000,rail,VDD_CORE,,,
AP4,33,3,-24.000,-6.000,ground,GND,,,
AP5,33,4,-23.000,-6.000,rail,VDD_CORE,,,
AP6,33,5,-22.000,-6.000,ground,GND,,,
AP7,33,6,-21.000,-6.000,rail,VDD_CORE,,,
AP8,33,7,-20.000,-6.000,ground,GND,,,
AP9,33,8,-19.000,-6.000,rail,VDD_CORE,,,
AP10,33,9,-18.000,-6.000,ground,GND,,,
AP11,33,10,-17.000,-6.000,rail,VDD_CORE,,,
AP12,33,11,-16.000,-6.000,ground,GND,,,
AP13,33,12,-15.000,-6.000,rail,VDD_CORE,,,
AP14,33,13,-14.000,-6.000,ground,GND,,,
AP15,33,14,-13.000,-6.000,rail,VDD_CORE,,,
AP16,33,15,-12.000,-6.000,ground,GND,,,
AP17,33,16,-11.000,-6.000,rail,VDD_CORE,,,
AP18,33,17,-10.000,-6.000,ground,GND,,,
AP19,33,18,-9.000,-6.000,rail,VDD_CORE,,,
AP20,33,19,-8.000,-6.000,ground,GND,,,
AP21,33,20,-7.000,-6.000,rail,VDD_CORE,,,
AP22,33,21,-6.000,-6.000,ground,GND,,,
AP23,33,22,-5.000,-6.000,rail,VDD_CORE,,,
AP24,33,23,-4.000,-6.000,ground,GND,,,
AP25,33,24,-3.000,-6.000,rail,VDD_CORE,,,
AP26,33,25,-2.000,-6.000,ground,GND,,,
AP27,33,26,-1.000,-6.000,rail,VDD_CORE,,,
AP28,33,27,0.000,-6.000,ground,GND,,,
AP29,33,28,1.000,-6.000,rail,VDD_CORE,,,
AP30,33,29,2.000,-6.000,ground,GND,,,
AP31,33,30,3.000,-6.000,rail,VDD_CORE,,,
AP32,33,31,4.000,-6.000,ground,GND,,,
AP33,33,32,5.000,-6.000,rail,VDD_CORE,,,
AP34,33,33,6.000,-6.000,ground,GND,,,
AP35,33,34,7.000,-6.000,rail,VDD_CORE,,,
AP36,33,35,8.000,-6.000,ground,GND,,,
AP37,33,36,9.000,-6.000,rail,VDD_CORE,,,
AP38,33,37,10.000,-6.000,ground,GND,,,
AP39,33,38,11.000,-6.000,rail,VDD_CORE,,,
AP40,33,39,12.000,-6.000,ground,GND,,,
AP41,33,40,13.000,-6.000,rail,VDD_CORE,,,
AP42,33,41,14.000,-6.000,ground,GND,,,
AP43,33,42,15.000,-6.000,rail,VDD_CORE,,,
AP44,33,43,16.000,-6.000,ground,GND,,,
AP45,33,44,17.000,-6.000,rail,VDD_CORE,,,
AP46,33,45,18.000,-6.000,ground,GND,,,
AP47,33,46,19.000,-6.000,rail,VDD_CORE,,,
AP48,33,47,20.000,-6.000,ground,GND,,,
AP49,33,48,21.000,-6.000,rail,VDD_CORE,,,
AP50,33,49,22.000,-6.000,ground,GND,,,
AP51,33,50,23.000,-6.000,rail,VDD_CORE,,,
AP52,33,51,24.000,-6.000,ground,GND,,,
AP53,33,52,25.000,-6.000,rail,VDD_CORE,,,
AP54,33,53,26.000,-6.000,signal,link_out,DATA31,E,1
AP55,33,54,27.000,-6.000,signal,link_out,DATA30,E,0
AR1,34,0,-27.000,-7.000,signal,link_in,CLOCK,W,0
AR2,34,1,-26.000,-7.000,signal,link_in,VALID,W,1
AR3,34,2,-25.000,-7.000,ground,GND,,,
AR4,34,3,-24.000,-7.000,rail,VDD_CORE,,,
AR5,34,4,-23.000,-7.000,ground,GND,,,
AR6,34,5,-22.000,-7.000,rail,VDD_CORE,,,
AR7,34,6,-21.000,-7.000,ground,GND,,,
AR8,34,7,-20.000,-7.000,rail,VDD_CORE,,,
AR9,34,8,-19.000,-7.000,ground,GND,,,
AR10,34,9,-18.000,-7.000,rail,VDD_CORE,,,
AR11,34,10,-17.000,-7.000,ground,GND,,,
AR12,34,11,-16.000,-7.000,rail,VDD_CORE,,,
AR13,34,12,-15.000,-7.000,ground,GND,,,
AR14,34,13,-14.000,-7.000,rail,VDD_CORE,,,
AR15,34,14,-13.000,-7.000,ground,GND,,,
AR16,34,15,-12.000,-7.000,rail,VDD_CORE,,,
AR17,34,16,-11.000,-7.000,ground,GND,,,
AR18,34,17,-10.000,-7.000,rail,VDD_CORE,,,
AR19,34,18,-9.000,-7.000,ground,GND,,,
AR20,34,19,-8.000,-7.000,rail,VDD_CORE,,,
AR21,34,20,-7.000,-7.000,ground,GND,,,
AR22,34,21,-6.000,-7.000,rail,VDD_CORE,,,
AR23,34,22,-5.000,-7.000,ground,GND,,,
AR24,34,23,-4.000,-7.000,rail,VDD_CORE,,,
AR25,34,24,-3.000,-7.000,ground,GND,,,
AR26,34,25,-2.000,-7.000,rail,VDD_CORE,,,
AR27,34,26,-1.000,-7.000,ground,GND,,,
AR28,34,27,0.000,-7.000,rail,VDD_CORE,,,
AR29,34,28,1.000,-7.000,ground,GND,,,
AR30,34,29,2.000,-7.000,rail,VDD_CORE,,,
AR31,34,30,3.000,-7.000,ground,GND,,,
AR32,34,31,4.000,-7.000,rail,VDD_CORE,,,
AR33,34,32,5.000,-7.000,ground,GND,,,
AR34,34,33,6.000,-7.000,rail,VDD_CORE,,,
AR35,34,34,7.000,-7.000,ground,GND,,,
AR36,34,35,8.000,-7.000,rail,VDD_CORE,,,
AR37,34,36,9.000,-7.000,ground,GND,,,
AR38,34,37,10.000,-7.000,rail,VDD_CORE,,,
AR39,34,38,11.000,-7.000,ground,GND,,,
AR40,34,39,12.000,-7.000,rail,VDD_CORE,,,
AR41,34,40,13.000,-7.000,ground,GND,,,
AR42,34,41,14.000,-7.000,rail,VDD_CORE,,,
AR43,34,42,15.000,-7.000,ground,GND,,,
AR44,34,43,16.000,-7.000,rail,VDD_CORE,,,
AR45,34,44,17.000,-7.000,ground,GND,,,
AR46,34,45,18.000,-7.000,rail,VDD_CORE,,,
AR47,34,46,19.000,-7.000,ground,GND,,,
AR48,34,47,20.000,-7.000,rail,VDD_CORE,,,
AR49,34,48,21.000,-7.000,ground,GND,,,
AR50,34,49,22.000,-7.000,rail,VDD_CORE,,,
AR51,34,50,23.000,-7.000,ground,GND,,,
AR52,34,51,24.000,-7.000,rail,VDD_CORE,,,
AR53,34,52,25.000,-7.000,ground,GND,,,
AR54,34,53,26.000,-7.000,signal,link_out,VALID,E,1
AR55,34,54,27.000,-7.000,signal,link_out,CLOCK,E,0
AT1,35,0,-27.000,-8.000,signal,link_in,READY_BACK,W,0
AT2,35,1,-26.000,-8.000,signal,link_in,SOF,W,1
AT3,35,2,-25.000,-8.000,rail,VDD_CORE,,,
AT4,35,3,-24.000,-8.000,ground,GND,,,
AT5,35,4,-23.000,-8.000,rail,VDD_CORE,,,
AT6,35,5,-22.000,-8.000,ground,GND,,,
AT7,35,6,-21.000,-8.000,rail,VDD_CORE,,,
AT8,35,7,-20.000,-8.000,ground,GND,,,
AT9,35,8,-19.000,-8.000,rail,VDD_CORE,,,
AT10,35,9,-18.000,-8.000,ground,GND,,,
AT11,35,10,-17.000,-8.000,rail,VDD_CORE,,,
AT12,35,11,-16.000,-8.000,ground,GND,,,
AT13,35,12,-15.000,-8.000,rail,VDD_CORE,,,
AT14,35,13,-14.000,-8.000,ground,GND,,,
AT15,35,14,-13.000,-8.000,rail,VDD_CORE,,,
AT16,35,15,-12.000,-8.000,ground,GND,,,
AT17,35,16,-11.000,-8.000,rail,VDD_CORE,,,
AT18,35,17,-10.000,-8.000,ground,GND,,,
AT19,35,18,-9.000,-8.000,rail,VDD_CORE,,,
AT20,35,19,-8.000,-8.000,ground,GND,,,
AT21,35,20,-7.000,-8.000,rail,VDD_CORE,,,
AT22,35,21,-6.000,-8.000,ground,GND,,,
AT23,35,22,-5.000,-8.000,rail,VDD_CORE,,,
AT24,35,23,-4.000,-8.000,ground,GND,,,
AT25,35,24,-3.000,-8.000,rail,VDD_CORE,,,
AT26,35,25,-2.000,-8.000,ground,GND,,,
AT27,35,26,-1.000,-8.000,rail,VDD_CORE,,,
AT28,35,27,0.000,-8.000,ground,GND,,,
AT29,35,28,1.000,-8.000,rail,VDD_CORE,,,
AT30,35,29,2.000,-8.000,ground,GND,,,
AT31,35,30,3.000,-8.000,rail,VDD_CORE,,,
AT32,35,31,4.000,-8.000,ground,GND,,,
AT33,35,32,5.000,-8.000,rail,VDD_CORE,,,
AT34,35,33,6.000,-8.000,ground,GND,,,
AT35,35,34,7.000,-8.000,rail,VDD_CORE,,,
AT36,35,35,8.000,-8.000,ground,GND,,,
AT37,35,36,9.000,-8.000,rail,VDD_CORE,,,
AT38,35,37,10.000,-8.000,ground,GND,,,
AT39,35,38,11.000,-8.000,rail,VDD_CORE,,,
AT40,35,39,12.000,-8.000,ground,GND,,,
AT41,35,40,13.000,-8.000,rail,VDD_CORE,,,
AT42,35,41,14.000,-8.000,ground,GND,,,
AT43,35,42,15.000,-8.000,rail,VDD_CORE,,,
AT44,35,43,16.000,-8.000,ground,GND,,,
AT45,35,44,17.000,-8.000,rail,VDD_CORE,,,
AT46,35,45,18.000,-8.000,ground,GND,,,
AT47,35,46,19.000,-8.000,rail,VDD_CORE,,,
AT48,35,47,20.000,-8.000,ground,GND,,,
AT49,35,48,21.000,-8.000,rail,VDD_CORE,,,
AT50,35,49,22.000,-8.000,ground,GND,,,
AT51,35,50,23.000,-8.000,rail,VDD_CORE,,,
AT52,35,51,24.000,-8.000,ground,GND,,,
AT53,35,52,25.000,-8.000,rail,VDD_CORE,,,
AT54,35,53,26.000,-8.000,signal,link_out,SOF,E,1
AT55,35,54,27.000,-8.000,signal,link_out,READY_BACK,E,0
AU1,36,0,-27.000,-9.000,ground,GND,,,
AU2,36,1,-26.000,-9.000,rail,VDD_CORE,,,
AU3,36,2,-25.000,-9.000,ground,GND,,,
AU4,36,3,-24.000,-9.000,rail,VDD_CORE,,,
AU5,36,4,-23.000,-9.000,ground,GND,,,
AU6,36,5,-22.000,-9.000,rail,VDD_CORE,,,
AU7,36,6,-21.000,-9.000,ground,GND,,,
AU8,36,7,-20.000,-9.000,rail,VDD_CORE,,,
AU9,36,8,-19.000,-9.000,ground,GND,,,
AU10,36,9,-18.000,-9.000,rail,VDD_CORE,,,
AU11,36,10,-17.000,-9.000,ground,GND,,,
AU12,36,11,-16.000,-9.000,rail,VDD_CORE,,,
AU13,36,12,-15.000,-9.000,ground,GND,,,
AU14,36,13,-14.000,-9.000,rail,VDD_CORE,,,
AU15,36,14,-13.000,-9.000,ground,GND,,,
AU16,36,15,-12.000,-9.000,rail,VDD_CORE,,,
AU17,36,16,-11.000,-9.000,ground,GND,,,
AU18,36,17,-10.000,-9.000,rail,VDD_CORE,,,
AU19,36,18,-9.000,-9.000,ground,GND,,,
AU20,36,19,-8.000,-9.000,rail,VDD_CORE,,,
AU21,36,20,-7.000,-9.000,ground,GND,,,
AU22,36,21,-6.000,-9.000,rail,VDD_CORE,,,
AU23,36,22,-5.000,-9.000,ground,GND,,,
AU24,36,23,-4.000,-9.000,rail,VDD_CORE,,,
AU25,36,24,-3.000,-9.000,ground,GND,,,
AU26,36,25,-2.000,-9.000,rail,VDD_CORE,,,
AU27,36,26,-1.000,-9.000,ground,GND,,,
AU28,36,27,0.000,-9.000,rail,VDD_CORE,,,
AU29,36,28,1.000,-9.000,ground,GND,,,
AU30,36,29,2.000,-9.000,rail,VDD_CORE,,,
AU31,36,30,3.000,-9.000,ground,GND,,,
AU32,36,31,4.000,-9.000,rail,VDD_CORE,,,
AU33,36,32,5.000,-9.000,ground,GND,,,
AU34,36,33,6.000,-9.000,rail,VDD_CORE,,,
AU35,36,34,7.000,-9.000,ground,GND,,,
AU36,36,35,8.000,-9.000,rail,VDD_CORE,,,
AU37,36,36,9.000,-9.000,ground,GND,,,
AU38,36,37,10.000,-9.000,rail,VDD_CORE,,,
AU39,36,38,11.000,-9.000,ground,GND,,,
AU40,36,39,12.000,-9.000,rail,VDD_CORE,,,
AU41,36,40,13.000,-9.000,ground,GND,,,
AU42,36,41,14.000,-9.000,rail,VDD_CORE,,,
AU43,36,42,15.000,-9.000,ground,GND,,,
AU44,36,43,16.000,-9.000,rail,VDD_CORE,,,
AU45,36,44,17.000,-9.000,ground,GND,,,
AU46,36,45,18.000,-9.000,rail,VDD_CORE,,,
AU47,36,46,19.000,-9.000,ground,GND,,,
AU48,36,47,20.000,-9.000,rail,VDD_CORE,,,
AU49,36,48,21.000,-9.000,ground,GND,,,
AU50,36,49,22.000,-9.000,rail,VDD_CORE,,,
AU51,36,50,23.000,-9.000,ground,GND,,,
AU52,36,51,24.000,-9.000,rail,VDD_CORE,,,
AU53,36,52,25.000,-9.000,ground,GND,,,
AU54,36,53,26.000,-9.000,rail,VDD_CORE,,,
AU55,36,54,27.000,-9.000,ground,GND,,,
AV1,37,0,-27.000,-10.000,rail,VDD_CORE,,,
AV2,37,1,-26.000,-10.000,ground,GND,,,
AV3,37,2,-25.000,-10.000,rail,VDD_CORE,,,
AV4,37,3,-24.000,-10.000,ground,GND,,,
AV5,37,4,-23.000,-10.000,rail,VDD_CORE,,,
AV6,37,5,-22.000,-10.000,ground,GND,,,
AV7,37,6,-21.000,-10.000,rail,VDD_CORE,,,
AV8,37,7,-20.000,-10.000,ground,GND,,,
AV9,37,8,-19.000,-10.000,rail,VDD_CORE,,,
AV10,37,9,-18.000,-10.000,ground,GND,,,
AV11,37,10,-17.000,-10.000,rail,VDD_CORE,,,
AV12,37,11,-16.000,-10.000,ground,GND,,,
AV13,37,12,-15.000,-10.000,rail,VDD_CORE,,,
AV14,37,13,-14.000,-10.000,ground,GND,,,
AV15,37,14,-13.000,-10.000,rail,VDD_CORE,,,
AV16,37,15,-12.000,-10.000,ground,GND,,,
AV17,37,16,-11.000,-10.000,rail,VDD_CORE,,,
AV18,37,17,-10.000,-10.000,ground,GND,,,
AV19,37,18,-9.000,-10.000,rail,VDD_CORE,,,
AV20,37,19,-8.000,-10.000,ground,GND,,,
AV21,37,20,-7.000,-10.000,rail,VDD_CORE,,,
AV22,37,21,-6.000,-10.000,ground,GND,,,
AV23,37,22,-5.000,-10.000,rail,VDD_CORE,,,
AV24,37,23,-4.000,-10.000,ground,GND,,,
AV25,37,24,-3.000,-10.000,rail,VDD_CORE,,,
AV26,37,25,-2.000,-10.000,ground,GND,,,
AV27,37,26,-1.000,-10.000,rail,VDD_CORE,,,
AV28,37,27,0.000,-10.000,ground,GND,,,
AV29,37,28,1.000,-10.000,rail,VDD_CORE,,,
AV30,37,29,2.000,-10.000,ground,GND,,,
AV31,37,30,3.000,-10.000,rail,VDD_CORE,,,
AV32,37,31,4.000,-10.000,ground,GND,,,
AV33,37,32,5.000,-10.000,rail,VDD_CORE,,,
AV34,37,33,6.000,-10.000,ground,GND,,,
AV35,37,34,7.000,-10.000,rail,VDD_CORE,,,
AV36,37,35,8.000,-10.000,ground,GND,,,
AV37,37,36,9.000,-10.000,rail,VDD_CORE,,,
AV38,37,37,10.000,-10.000,ground,GND,,,
AV39,37,38,11.000,-10.000,rail,VDD_CORE,,,
AV40,37,39,12.000,-10.000,ground,GND,,,
AV41,37,40,13.000,-10.000,rail,VDD_CORE,,,
AV42,37,41,14.000,-10.000,ground,GND,,,
AV43,37,42,15.000,-10.000,rail,VDD_CORE,,,
AV44,37,43,16.000,-10.000,ground,GND,,,
AV45,37,44,17.000,-10.000,rail,VDD_CORE,,,
AV46,37,45,18.000,-10.000,ground,GND,,,
AV47,37,46,19.000,-10.000,rail,VDD_CORE,,,
AV48,37,47,20.000,-10.000,ground,GND,,,
AV49,37,48,21.000,-10.000,rail,VDD_CORE,,,
AV50,37,49,22.000,-10.000,ground,GND,,,
AV51,37,50,23.000,-10.000,rail,VDD_CORE,,,
AV52,37,51,24.000,-10.000,ground,GND,,,
AV53,37,52,25.000,-10.000,rail,VDD_CORE,,,
AV54,37,53,26.000,-10.000,ground,GND,,,
AV55,37,54,27.000,-10.000,rail,VDD_CORE,,,
AW1,38,0,-27.000,-11.000,ground,GND,,,
AW2,38,1,-26.000,-11.000,rail,VDD_CORE,,,
AW3,38,2,-25.000,-11.000,ground,GND,,,
AW4,38,3,-24.000,-11.000,rail,VDD_CORE,,,
AW5,38,4,-23.000,-11.000,ground,GND,,,
AW6,38,5,-22.000,-11.000,rail,VDD_CORE,,,
AW7,38,6,-21.000,-11.000,ground,GND,,,
AW8,38,7,-20.000,-11.000,rail,VDD_CORE,,,
AW9,38,8,-19.000,-11.000,ground,GND,,,
AW10,38,9,-18.000,-11.000,rail,VDD_CORE,,,
AW11,38,10,-17.000,-11.000,ground,GND,,,
AW12,38,11,-16.000,-11.000,rail,VDD_CORE,,,
AW13,38,12,-15.000,-11.000,ground,GND,,,
AW14,38,13,-14.000,-11.000,rail,VDD_CORE,,,
AW15,38,14,-13.000,-11.000,ground,GND,,,
AW16,38,15,-12.000,-11.000,rail,VDD_CORE,,,
AW17,38,16,-11.000,-11.000,ground,GND,,,
AW18,38,17,-10.000,-11.000,rail,VDD_CORE,,,
AW19,38,18,-9.000,-11.000,ground,GND,,,
AW20,38,19,-8.000,-11.000,rail,VDD_CORE,,,
AW21,38,20,-7.000,-11.000,ground,GND,,,
AW22,38,21,-6.000,-11.000,rail,VDD_CORE,,,
AW23,38,22,-5.000,-11.000,ground,GND,,,
AW24,38,23,-4.000,-11.000,rail,VDD_CORE,,,
AW25,38,24,-3.000,-11.000,ground,GND,,,
AW26,38,25,-2.000,-11.000,rail,VDD_CORE,,,
AW27,38,26,-1.000,-11.000,ground,GND,,,
AW28,38,27,0.000,-11.000,rail,VDD_CORE,,,
AW29,38,28,1.000,-11.000,ground,GND,,,
AW30,38,29,2.000,-11.000,rail,VDD_CORE,,,
AW31,38,30,3.000,-11.000,ground,GND,,,
AW32,38,31,4.000,-11.000,rail,VDD_CORE,,,
AW33,38,32,5.000,-11.000,ground,GND,,,
AW34,38,33,6.000,-11.000,rail,VDD_CORE,,,
AW35,38,34,7.000,-11.000,ground,GND,,,
AW36,38,35,8.000,-11.000,rail,VDD_CORE,,,
AW37,38,36,9.000,-11.000,ground,GND,,,
AW38,38,37,10.000,-11.000,rail,VDD_CORE,,,
AW39,38,38,11.000,-11.000,ground,GND,,,
AW40,38,39,12.000,-11.000,rail,VDD_CORE,,,
AW41,38,40,13.000,-11.000,ground,GND,,,
AW42,38,41,14.000,-11.000,rail,VDD_CORE,,,
AW43,38,42,15.000,-11.000,ground,GND,,,
AW44,38,43,16.000,-11.000,rail,VDD_CORE,,,
AW45,38,44,17.000,-11.000,ground,GND,,,
AW46,38,45,18.000,-11.000,rail,VDD_CORE,,,
AW47,38,46,19.000,-11.000,ground,GND,,,
AW48,38,47,20.000,-11.000,rail,VDD_CORE,,,
AW49,38,48,21.000,-11.000,ground,GND,,,
AW50,38,49,22.000,-11.000,rail,VDD_CORE,,,
AW51,38,50,23.000,-11.000,ground,GND,,,
AW52,38,51,24.000,-11.000,rail,VDD_CORE,,,
AW53,38,52,25.000,-11.000,ground,GND,,,
AW54,38,53,26.000,-11.000,rail,VDD_CORE,,,
AW55,38,54,27.000,-11.000,ground,GND,,,
AY1,39,0,-27.000,-12.000,rail,VDD_CORE,,,
AY2,39,1,-26.000,-12.000,ground,GND,,,
AY3,39,2,-25.000,-12.000,rail,VDD_CORE,,,
AY4,39,3,-24.000,-12.000,ground,GND,,,
AY5,39,4,-23.000,-12.000,rail,VDD_CORE,,,
AY6,39,5,-22.000,-12.000,ground,GND,,,
AY7,39,6,-21.000,-12.000,rail,VDD_CORE,,,
AY8,39,7,-20.000,-12.000,ground,GND,,,
AY9,39,8,-19.000,-12.000,rail,VDD_CORE,,,
AY10,39,9,-18.000,-12.000,ground,GND,,,
AY11,39,10,-17.000,-12.000,rail,VDD_CORE,,,
AY12,39,11,-16.000,-12.000,ground,GND,,,
AY13,39,12,-15.000,-12.000,rail,VDD_CORE,,,
AY14,39,13,-14.000,-12.000,ground,GND,,,
AY15,39,14,-13.000,-12.000,rail,VDD_CORE,,,
AY16,39,15,-12.000,-12.000,ground,GND,,,
AY17,39,16,-11.000,-12.000,rail,VDD_CORE,,,
AY18,39,17,-10.000,-12.000,ground,GND,,,
AY19,39,18,-9.000,-12.000,rail,VDD_CORE,,,
AY20,39,19,-8.000,-12.000,ground,GND,,,
AY21,39,20,-7.000,-12.000,rail,VDD_CORE,,,
AY22,39,21,-6.000,-12.000,ground,GND,,,
AY23,39,22,-5.000,-12.000,rail,VDD_CORE,,,
AY24,39,23,-4.000,-12.000,ground,GND,,,
AY25,39,24,-3.000,-12.000,rail,VDD_CORE,,,
AY26,39,25,-2.000,-12.000,ground,GND,,,
AY27,39,26,-1.000,-12.000,rail,VDD_CORE,,,
AY28,39,27,0.000,-12.000,ground,GND,,,
AY29,39,28,1.000,-12.000,rail,VDD_CORE,,,
AY30,39,29,2.000,-12.000,ground,GND,,,
AY31,39,30,3.000,-12.000,rail,VDD_CORE,,,
AY32,39,31,4.000,-12.000,ground,GND,,,
AY33,39,32,5.000,-12.000,rail,VDD_CORE,,,
AY34,39,33,6.000,-12.000,ground,GND,,,
AY35,39,34,7.000,-12.000,rail,VDD_CORE,,,
AY36,39,35,8.000,-12.000,ground,GND,,,
AY37,39,36,9.000,-12.000,rail,VDD_CORE,,,
AY38,39,37,10.000,-12.000,ground,GND,,,
AY39,39,38,11.000,-12.000,rail,VDD_CORE,,,
AY40,39,39,12.000,-12.000,ground,GND,,,
AY41,39,40,13.000,-12.000,rail,VDD_CORE,,,
AY42,39,41,14.000,-12.000,ground,GND,,,
AY43,39,42,15.000,-12.000,rail,VDD_CORE,,,
AY44,39,43,16.000,-12.000,ground,GND,,,
AY45,39,44,17.000,-12.000,rail,VDD_CORE,,,
AY46,39,45,18.000,-12.000,ground,GND,,,
AY47,39,46,19.000,-12.000,rail,VDD_CORE,,,
AY48,39,47,20.000,-12.000,ground,GND,,,
AY49,39,48,21.000,-12.000,rail,VDD_CORE,,,
AY50,39,49,22.000,-12.000,ground,GND,,,
AY51,39,50,23.000,-12.000,rail,VDD_CORE,,,
AY52,39,51,24.000,-12.000,ground,GND,,,
AY53,39,52,25.000,-12.000,rail,VDD_CORE,,,
AY54,39,53,26.000,-12.000,ground,GND,,,
AY55,39,54,27.000,-12.000,rail,VDD_CORE,,,
BA1,40,0,-27.000,-13.000,ground,GND,,,
BA2,40,1,-26.000,-13.000,rail,VDD_CORE,,,
BA3,40,2,-25.000,-13.000,ground,GND,,,
BA4,40,3,-24.000,-13.000,rail,VDD_CORE,,,
BA5,40,4,-23.000,-13.000,ground,GND,,,
BA6,40,5,-22.000,-13.000,rail,VDD_CORE,,,
BA7,40,6,-21.000,-13.000,ground,GND,,,
BA8,40,7,-20.000,-13.000,rail,VDD_CORE,,,
BA9,40,8,-19.000,-13.000,ground,GND,,,
BA10,40,9,-18.000,-13.000,rail,VDD_CORE,,,
BA11,40,10,-17.000,-13.000,ground,GND,,,
BA12,40,11,-16.000,-13.000,rail,VDD_CORE,,,
BA13,40,12,-15.000,-13.000,ground,GND,,,
BA14,40,13,-14.000,-13.000,rail,VDD_CORE,,,
BA15,40,14,-13.000,-13.000,ground,GND,,,
BA16,40,15,-12.000,-13.000,rail,VDD_CORE,,,
BA17,40,16,-11.000,-13.000,ground,GND,,,
BA18,40,17,-10.000,-13.000,rail,VDD_CORE,,,
BA19,40,18,-9.000,-13.000,ground,GND,,,
BA20,40,19,-8.000,-13.000,rail,VDD_CORE,,,
BA21,40,20,-7.000,-13.000,ground,GND,,,
BA22,40,21,-6.000,-13.000,rail,VDD_CORE,,,
BA23,40,22,-5.000,-13.000,ground,GND,,,
BA24,40,23,-4.000,-13.000,rail,VDD_CORE,,,
BA25,40,24,-3.000,-13.000,ground,GND,,,
BA26,40,25,-2.000,-13.000,rail,VDD_CORE,,,
BA27,40,26,-1.000,-13.000,ground,GND,,,
BA28,40,27,0.000,-13.000,rail,VDD_CORE,,,
BA29,40,28,1.000,-13.000,ground,GND,,,
BA30,40,29,2.000,-13.000,rail,VDD_CORE,,,
BA31,40,30,3.000,-13.000,ground,GND,,,
BA32,40,31,4.000,-13.000,rail,VDD_CORE,,,
BA33,40,32,5.000,-13.000,ground,GND,,,
BA34,40,33,6.000,-13.000,rail,VDD_CORE,,,
BA35,40,34,7.000,-13.000,ground,GND,,,
BA36,40,35,8.000,-13.000,rail,VDD_CORE,,,
BA37,40,36,9.000,-13.000,ground,GND,,,
BA38,40,37,10.000,-13.000,rail,VDD_CORE,,,
BA39,40,38,11.000,-13.000,ground,GND,,,
BA40,40,39,12.000,-13.000,rail,VDD_CORE,,,
BA41,40,40,13.000,-13.000,ground,GND,,,
BA42,40,41,14.000,-13.000,rail,VDD_CORE,,,
BA43,40,42,15.000,-13.000,ground,GND,,,
BA44,40,43,16.000,-13.000,rail,VDD_CORE,,,
BA45,40,44,17.000,-13.000,ground,GND,,,
BA46,40,45,18.000,-13.000,rail,VDD_CORE,,,
BA47,40,46,19.000,-13.000,ground,GND,,,
BA48,40,47,20.000,-13.000,rail,VDD_CORE,,,
BA49,40,48,21.000,-13.000,ground,GND,,,
BA50,40,49,22.000,-13.000,rail,VDD_CORE,,,
BA51,40,50,23.000,-13.000,ground,GND,,,
BA52,40,51,24.000,-13.000,rail,VDD_CORE,,,
BA53,40,52,25.000,-13.000,ground,GND,,,
BA54,40,53,26.000,-13.000,rail,VDD_CORE,,,
BA55,40,54,27.000,-13.000,ground,GND,,,
BB1,41,0,-27.000,-14.000,rail,VDD_CORE,,,
BB2,41,1,-26.000,-14.000,ground,GND,,,
BB3,41,2,-25.000,-14.000,rail,VDD_CORE,,,
BB4,41,3,-24.000,-14.000,ground,GND,,,
BB5,41,4,-23.000,-14.000,rail,VDD_CORE,,,
BB6,41,5,-22.000,-14.000,ground,GND,,,
BB7,41,6,-21.000,-14.000,rail,VDD_CORE,,,
BB8,41,7,-20.000,-14.000,ground,GND,,,
BB9,41,8,-19.000,-14.000,rail,VDD_CORE,,,
BB10,41,9,-18.000,-14.000,ground,GND,,,
BB11,41,10,-17.000,-14.000,rail,VDD_CORE,,,
BB12,41,11,-16.000,-14.000,ground,GND,,,
BB13,41,12,-15.000,-14.000,rail,VDD_CORE,,,
BB14,41,13,-14.000,-14.000,ground,GND,,,
BB15,41,14,-13.000,-14.000,rail,VDD_CORE,,,
BB16,41,15,-12.000,-14.000,ground,GND,,,
BB17,41,16,-11.000,-14.000,rail,VDD_CORE,,,
BB18,41,17,-10.000,-14.000,ground,GND,,,
BB19,41,18,-9.000,-14.000,rail,VDD_CORE,,,
BB20,41,19,-8.000,-14.000,ground,GND,,,
BB21,41,20,-7.000,-14.000,rail,VDD_CORE,,,
BB22,41,21,-6.000,-14.000,ground,GND,,,
BB23,41,22,-5.000,-14.000,rail,VDD_CORE,,,
BB24,41,23,-4.000,-14.000,ground,GND,,,
BB25,41,24,-3.000,-14.000,rail,VDD_CORE,,,
BB26,41,25,-2.000,-14.000,ground,GND,,,
BB27,41,26,-1.000,-14.000,rail,VDD_CORE,,,
BB28,41,27,0.000,-14.000,ground,GND,,,
BB29,41,28,1.000,-14.000,rail,VDD_CORE,,,
BB30,41,29,2.000,-14.000,ground,GND,,,
BB31,41,30,3.000,-14.000,rail,VDD_CORE,,,
BB32,41,31,4.000,-14.000,ground,GND,,,
BB33,41,32,5.000,-14.000,rail,VDD_CORE,,,
BB34,41,33,6.000,-14.000,ground,GND,,,
BB35,41,34,7.000,-14.000,rail,VDD_CORE,,,
BB36,41,35,8.000,-14.000,ground,GND,,,
BB37,41,36,9.000,-14.000,rail,VDD_CORE,,,
BB38,41,37,10.000,-14.000,ground,GND,,,
BB39,41,38,11.000,-14.000,rail,VDD_CORE,,,
BB40,41,39,12.000,-14.000,ground,GND,,,
BB41,41,40,13.000,-14.000,rail,VDD_CORE,,,
BB42,41,41,14.000,-14.000,ground,GND,,,
BB43,41,42,15.000,-14.000,rail,VDD_CORE,,,
BB44,41,43,16.000,-14.000,ground,GND,,,
BB45,41,44,17.000,-14.000,rail,VDD_CORE,,,
BB46,41,45,18.000,-14.000,ground,GND,,,
BB47,41,46,19.000,-14.000,rail,VDD_CORE,,,
BB48,41,47,20.000,-14.000,ground,GND,,,
BB49,41,48,21.000,-14.000,rail,VDD_CORE,,,
BB50,41,49,22.000,-14.000,ground,GND,,,
BB51,41,50,23.000,-14.000,rail,VDD_CORE,,,
BB52,41,51,24.000,-14.000,ground,GND,,,
BB53,41,52,25.000,-14.000,rail,VDD_CORE,,,
BB54,41,53,26.000,-14.000,ground,GND,,,
BB55,41,54,27.000,-14.000,rail,VDD_CORE,,,
BC1,42,0,-27.000,-15.000,ground,GND,,,
BC2,42,1,-26.000,-15.000,rail,VDD_CORE,,,
BC3,42,2,-25.000,-15.000,ground,GND,,,
BC4,42,3,-24.000,-15.000,rail,VDD_CORE,,,
BC5,42,4,-23.000,-15.000,ground,GND,,,
BC6,42,5,-22.000,-15.000,rail,VDD_CORE,,,
BC7,42,6,-21.000,-15.000,ground,GND,,,
BC8,42,7,-20.000,-15.000,rail,VDD_CORE,,,
BC9,42,8,-19.000,-15.000,ground,GND,,,
BC10,42,9,-18.000,-15.000,rail,VDD_CORE,,,
BC11,42,10,-17.000,-15.000,ground,GND,,,
BC12,42,11,-16.000,-15.000,rail,VDD_CORE,,,
BC13,42,12,-15.000,-15.000,ground,GND,,,
BC14,42,13,-14.000,-15.000,rail,VDD_CORE,,,
BC15,42,14,-13.000,-15.000,ground,GND,,,
BC16,42,15,-12.000,-15.000,rail,VDD_CORE,,,
BC17,42,16,-11.000,-15.000,ground,GND,,,
BC18,42,17,-10.000,-15.000,rail,VDD_CORE,,,
BC19,42,18,-9.000,-15.000,ground,GND,,,
BC20,42,19,-8.000,-15.000,rail,VDD_CORE,,,
BC21,42,20,-7.000,-15.000,ground,GND,,,
BC22,42,21,-6.000,-15.000,rail,VDD_CORE,,,
BC23,42,22,-5.000,-15.000,ground,GND,,,
BC24,42,23,-4.000,-15.000,rail,VDD_CORE,,,
BC25,42,24,-3.000,-15.000,ground,GND,,,
BC26,42,25,-2.000,-15.000,rail,VDD_CORE,,,
BC27,42,26,-1.000,-15.000,ground,GND,,,
BC28,42,27,0.000,-15.000,rail,VDD_CORE,,,
BC29,42,28,1.000,-15.000,ground,GND,,,
BC30,42,29,2.000,-15.000,rail,VDD_CORE,,,
BC31,42,30,3.000,-15.000,ground,GND,,,
BC32,42,31,4.000,-15.000,rail,VDD_CORE,,,
BC33,42,32,5.000,-15.000,ground,GND,,,
BC34,42,33,6.000,-15.000,rail,VDD_CORE,,,
BC35,42,34,7.000,-15.000,ground,GND,,,
BC36,42,35,8.000,-15.000,rail,VDD_CORE,,,
BC37,42,36,9.000,-15.000,ground,GND,,,
BC38,42,37,10.000,-15.000,rail,VDD_CORE,,,
BC39,42,38,11.000,-15.000,ground,GND,,,
BC40,42,39,12.000,-15.000,rail,VDD_CORE,,,
BC41,42,40,13.000,-15.000,ground,GND,,,
BC42,42,41,14.000,-15.000,rail,VDD_CORE,,,
BC43,42,42,15.000,-15.000,ground,GND,,,
BC44,42,43,16.000,-15.000,rail,VDD_CORE,,,
BC45,42,44,17.000,-15.000,ground,GND,,,
BC46,42,45,18.000,-15.000,rail,VDD_CORE,,,
BC47,42,46,19.000,-15.000,ground,GND,,,
BC48,42,47,20.000,-15.000,rail,VDD_CORE,,,
BC49,42,48,21.000,-15.000,ground,GND,,,
BC50,42,49,22.000,-15.000,rail,VDD_CORE,,,
BC51,42,50,23.000,-15.000,ground,GND,,,
BC52,42,51,24.000,-15.000,rail,VDD_CORE,,,
BC53,42,52,25.000,-15.000,ground,GND,,,
BC54,42,53,26.000,-15.000,rail,VDD_CORE,,,
BC55,42,54,27.000,-15.000,ground,GND,,,
BD1,43,0,-27.000,-16.000,rail,VDD_CORE,,,
BD2,43,1,-26.000,-16.000,ground,GND,,,
BD3,43,2,-25.000,-16.000,rail,VDD_CORE,,,
BD4,43,3,-24.000,-16.000,ground,GND,,,
BD5,43,4,-23.000,-16.000,rail,VDD_CORE,,,
BD6,43,5,-22.000,-16.000,ground,GND,,,
BD7,43,6,-21.000,-16.000,rail,VDD_CORE,,,
BD8,43,7,-20.000,-16.000,ground,GND,,,
BD9,43,8,-19.000,-16.000,rail,VDD_CORE,,,
BD10,43,9,-18.000,-16.000,ground,GND,,,
BD11,43,10,-17.000,-16.000,rail,VDD_CORE,,,
BD12,43,11,-16.000,-16.000,ground,GND,,,
BD13,43,12,-15.000,-16.000,rail,VDD_CORE,,,
BD14,43,13,-14.000,-16.000,ground,GND,,,
BD15,43,14,-13.000,-16.000,rail,VDD_CORE,,,
BD16,43,15,-12.000,-16.000,ground,GND,,,
BD17,43,16,-11.000,-16.000,rail,VDD_CORE,,,
BD18,43,17,-10.000,-16.000,ground,GND,,,
BD19,43,18,-9.000,-16.000,rail,VDD_CORE,,,
BD20,43,19,-8.000,-16.000,ground,GND,,,
BD21,43,20,-7.000,-16.000,rail,VDD_CORE,,,
BD22,43,21,-6.000,-16.000,ground,GND,,,
BD23,43,22,-5.000,-16.000,rail,VDD_CORE,,,
BD24,43,23,-4.000,-16.000,ground,GND,,,
BD25,43,24,-3.000,-16.000,rail,VDD_CORE,,,
BD26,43,25,-2.000,-16.000,ground,GND,,,
BD27,43,26,-1.000,-16.000,rail,VDD_CORE,,,
BD28,43,27,0.000,-16.000,ground,GND,,,
BD29,43,28,1.000,-16.000,rail,VDD_CORE,,,
BD30,43,29,2.000,-16.000,ground,GND,,,
BD31,43,30,3.000,-16.000,rail,VDD_CORE,,,
BD32,43,31,4.000,-16.000,ground,GND,,,
BD33,43,32,5.000,-16.000,rail,VDD_CORE,,,
BD34,43,33,6.000,-16.000,ground,GND,,,
BD35,43,34,7.000,-16.000,rail,VDD_CORE,,,
BD36,43,35,8.000,-16.000,ground,GND,,,
BD37,43,36,9.000,-16.000,rail,VDD_CORE,,,
BD38,43,37,10.000,-16.000,ground,GND,,,
BD39,43,38,11.000,-16.000,rail,VDD_CORE,,,
BD40,43,39,12.000,-16.000,ground,GND,,,
BD41,43,40,13.000,-16.000,rail,VDD_CORE,,,
BD42,43,41,14.000,-16.000,ground,GND,,,
BD43,43,42,15.000,-16.000,rail,VDD_CORE,,,
BD44,43,43,16.000,-16.000,ground,GND,,,
BD45,43,44,17.000,-16.000,rail,VDD_CORE,,,
BD46,43,45,18.000,-16.000,ground,GND,,,
BD47,43,46,19.000,-16.000,rail,VDD_CORE,,,
BD48,43,47,20.000,-16.000,ground,GND,,,
BD49,43,48,21.000,-16.000,rail,VDD_CORE,,,
BD50,43,49,22.000,-16.000,ground,GND,,,
BD51,43,50,23.000,-16.000,rail,VDD_CORE,,,
BD52,43,51,24.000,-16.000,ground,GND,,,
BD53,43,52,25.000,-16.000,rail,VDD_CORE,,,
BD54,43,53,26.000,-16.000,ground,GND,,,
BD55,43,54,27.000,-16.000,rail,VDD_CORE,,,
BE1,44,0,-27.000,-17.000,ground,GND,,,
BE2,44,1,-26.000,-17.000,rail,VDD_CORE,,,
BE3,44,2,-25.000,-17.000,ground,GND,,,
BE4,44,3,-24.000,-17.000,rail,VDD_CORE,,,
BE5,44,4,-23.000,-17.000,ground,GND,,,
BE6,44,5,-22.000,-17.000,rail,VDD_CORE,,,
BE7,44,6,-21.000,-17.000,ground,GND,,,
BE8,44,7,-20.000,-17.000,rail,VDD_CORE,,,
BE9,44,8,-19.000,-17.000,ground,GND,,,
BE10,44,9,-18.000,-17.000,rail,VDD_CORE,,,
BE11,44,10,-17.000,-17.000,ground,GND,,,
BE12,44,11,-16.000,-17.000,rail,VDD_CORE,,,
BE13,44,12,-15.000,-17.000,ground,GND,,,
BE14,44,13,-14.000,-17.000,rail,VDD_CORE,,,
BE15,44,14,-13.000,-17.000,ground,GND,,,
BE16,44,15,-12.000,-17.000,rail,VDD_CORE,,,
BE17,44,16,-11.000,-17.000,ground,GND,,,
BE18,44,17,-10.000,-17.000,rail,VDD_CORE,,,
BE19,44,18,-9.000,-17.000,ground,GND,,,
BE20,44,19,-8.000,-17.000,rail,VDD_CORE,,,
BE21,44,20,-7.000,-17.000,ground,GND,,,
BE22,44,21,-6.000,-17.000,rail,VDD_CORE,,,
BE23,44,22,-5.000,-17.000,ground,GND,,,
BE24,44,23,-4.000,-17.000,rail,VDD_CORE,,,
BE25,44,24,-3.000,-17.000,ground,GND,,,
BE26,44,25,-2.000,-17.000,rail,VDD_CORE,,,
BE27,44,26,-1.000,-17.000,ground,GND,,,
BE28,44,27,0.000,-17.000,rail,VDD_CORE,,,
BE29,44,28,1.000,-17.000,ground,GND,,,
BE30,44,29,2.000,-17.000,rail,VDD_CORE,,,
BE31,44,30,3.000,-17.000,ground,GND,,,
BE32,44,31,4.000,-17.000,rail,VDD_CORE,,,
BE33,44,32,5.000,-17.000,ground,GND,,,
BE34,44,33,6.000,-17.000,rail,VDD_CORE,,,
BE35,44,34,7.000,-17.000,ground,GND,,,
BE36,44,35,8.000,-17.000,rail,VDD_CORE,,,
BE37,44,36,9.000,-17.000,ground,GND,,,
BE38,44,37,10.000,-17.000,rail,VDD_CORE,,,
BE39,44,38,11.000,-17.000,ground,GND,,,
BE40,44,39,12.000,-17.000,rail,VDD_CORE,,,
BE41,44,40,13.000,-17.000,ground,GND,,,
BE42,44,41,14.000,-17.000,rail,VDD_CORE,,,
BE43,44,42,15.000,-17.000,ground,GND,,,
BE44,44,43,16.000,-17.000,rail,VDD_CORE,,,
BE45,44,44,17.000,-17.000,ground,GND,,,
BE46,44,45,18.000,-17.000,rail,VDD_CORE,,,
BE47,44,46,19.000,-17.000,ground,GND,,,
BE48,44,47,20.000,-17.000,rail,VDD_CORE,,,
BE49,44,48,21.000,-17.000,ground,GND,,,
BE50,44,49,22.000,-17.000,rail,VDD_CORE,,,
BE51,44,50,23.000,-17.000,ground,GND,,,
BE52,44,51,24.000,-17.000,rail,VDD_CORE,,,
BE53,44,52,25.000,-17.000,ground,GND,,,
BE54,44,53,26.000,-17.000,rail,VDD_CORE,,,
BE55,44,54,27.000,-17.000,ground,GND,,,
BF1,45,0,-27.000,-18.000,rail,VDD_CORE,,,
BF2,45,1,-26.000,-18.000,ground,GND,,,
BF3,45,2,-25.000,-18.000,rail,VDD_CORE,,,
BF4,45,3,-24.000,-18.000,ground,GND,,,
BF5,45,4,-23.000,-18.000,rail,VDD_CORE,,,
BF6,45,5,-22.000,-18.000,ground,GND,,,
BF7,45,6,-21.000,-18.000,rail,VDD_CORE,,,
BF8,45,7,-20.000,-18.000,ground,GND,,,
BF9,45,8,-19.000,-18.000,rail,VDD_CORE,,,
BF10,45,9,-18.000,-18.000,ground,GND,,,
BF11,45,10,-17.000,-18.000,rail,VDD_CORE,,,
BF12,45,11,-16.000,-18.000,ground,GND,,,
BF13,45,12,-15.000,-18.000,rail,VDD_CORE,,,
BF14,45,13,-14.000,-18.000,ground,GND,,,
BF15,45,14,-13.000,-18.000,rail,VDD_CORE,,,
BF16,45,15,-12.000,-18.000,ground,GND,,,
BF17,45,16,-11.000,-18.000,rail,VDD_CORE,,,
BF18,45,17,-10.000,-18.000,ground,GND,,,
BF19,45,18,-9.000,-18.000,rail,VDD_CORE,,,
BF20,45,19,-8.000,-18.000,ground,GND,,,
BF21,45,20,-7.000,-18.000,rail,VDD_CORE,,,
BF22,45,21,-6.000,-18.000,ground,GND,,,
BF23,45,22,-5.000,-18.000,rail,VDD_CORE,,,
BF24,45,23,-4.000,-18.000,ground,GND,,,
BF25,45,24,-3.000,-18.000,rail,VDD_CORE,,,
BF26,45,25,-2.000,-18.000,ground,GND,,,
BF27,45,26,-1.000,-18.000,rail,VDD_CORE,,,
BF28,45,27,0.000,-18.000,ground,GND,,,
BF29,45,28,1.000,-18.000,rail,VDD_CORE,,,
BF30,45,29,2.000,-18.000,ground,GND,,,
BF31,45,30,3.000,-18.000,rail,VDD_CORE,,,
BF32,45,31,4.000,-18.000,ground,GND,,,
BF33,45,32,5.000,-18.000,rail,VDD_CORE,,,
BF34,45,33,6.000,-18.000,ground,GND,,,
BF35,45,34,7.000,-18.000,rail,VDD_CORE,,,
BF36,45,35,8.000,-18.000,ground,GND,,,
BF37,45,36,9.000,-18.000,rail,VDD_CORE,,,
BF38,45,37,10.000,-18.000,ground,GND,,,
BF39,45,38,11.000,-18.000,rail,VDD_CORE,,,
BF40,45,39,12.000,-18.000,ground,GND,,,
BF41,45,40,13.000,-18.000,rail,VDD_CORE,,,
BF42,45,41,14.000,-18.000,ground,GND,,,
BF43,45,42,15.000,-18.000,rail,VDD_CORE,,,
BF44,45,43,16.000,-18.000,ground,GND,,,
BF45,45,44,17.000,-18.000,rail,VDD_CORE,,,
BF46,45,45,18.000,-18.000,ground,GND,,,
BF47,45,46,19.000,-18.000,rail,VDD_CORE,,,
BF48,45,47,20.000,-18.000,ground,GND,,,
BF49,45,48,21.000,-18.000,rail,VDD_CORE,,,
BF50,45,49,22.000,-18.000,ground,GND,,,
BF51,45,50,23.000,-18.000,rail,VDD_CORE,,,
BF52,45,51,24.000,-18.000,ground,GND,,,
BF53,45,52,25.000,-18.000,rail,VDD_CORE,,,
BF54,45,53,26.000,-18.000,ground,GND,,,
BF55,45,54,27.000,-18.000,rail,VDD_CORE,,,
BG1,46,0,-27.000,-19.000,ground,GND,,,
BG2,46,1,-26.000,-19.000,rail,VDD_CORE,,,
BG3,46,2,-25.000,-19.000,ground,GND,,,
BG4,46,3,-24.000,-19.000,rail,VDD_CORE,,,
BG5,46,4,-23.000,-19.000,ground,GND,,,
BG6,46,5,-22.000,-19.000,rail,VDD_CORE,,,
BG7,46,6,-21.000,-19.000,ground,GND,,,
BG8,46,7,-20.000,-19.000,rail,VDD_CORE,,,
BG9,46,8,-19.000,-19.000,ground,GND,,,
BG10,46,9,-18.000,-19.000,rail,VDD_CORE,,,
BG11,46,10,-17.000,-19.000,ground,GND,,,
BG12,46,11,-16.000,-19.000,rail,VDD_CORE,,,
BG13,46,12,-15.000,-19.000,ground,GND,,,
BG14,46,13,-14.000,-19.000,rail,VDD_CORE,,,
BG15,46,14,-13.000,-19.000,ground,GND,,,
BG16,46,15,-12.000,-19.000,rail,VDD_CORE,,,
BG17,46,16,-11.000,-19.000,ground,GND,,,
BG18,46,17,-10.000,-19.000,rail,VDD_CORE,,,
BG19,46,18,-9.000,-19.000,ground,GND,,,
BG20,46,19,-8.000,-19.000,rail,VDD_CORE,,,
BG21,46,20,-7.000,-19.000,ground,GND,,,
BG22,46,21,-6.000,-19.000,rail,VDD_CORE,,,
BG23,46,22,-5.000,-19.000,ground,GND,,,
BG24,46,23,-4.000,-19.000,rail,VDD_CORE,,,
BG25,46,24,-3.000,-19.000,ground,GND,,,
BG26,46,25,-2.000,-19.000,rail,VDD_CORE,,,
BG27,46,26,-1.000,-19.000,ground,GND,,,
BG28,46,27,0.000,-19.000,rail,VDD_CORE,,,
BG29,46,28,1.000,-19.000,ground,GND,,,
BG30,46,29,2.000,-19.000,rail,VDD_CORE,,,
BG31,46,30,3.000,-19.000,ground,GND,,,
BG32,46,31,4.000,-19.000,rail,VDD_CORE,,,
BG33,46,32,5.000,-19.000,ground,GND,,,
BG34,46,33,6.000,-19.000,rail,VDD_CORE,,,
BG35,46,34,7.000,-19.000,ground,GND,,,
BG36,46,35,8.000,-19.000,rail,VDD_CORE,,,
BG37,46,36,9.000,-19.000,ground,GND,,,
BG38,46,37,10.000,-19.000,rail,VDD_CORE,,,
BG39,46,38,11.000,-19.000,ground,GND,,,
BG40,46,39,12.000,-19.000,rail,VDD_CORE,,,
BG41,46,40,13.000,-19.000,ground,GND,,,
BG42,46,41,14.000,-19.000,rail,VDD_CORE,,,
BG43,46,42,15.000,-19.000,ground,GND,,,
BG44,46,43,16.000,-19.000,rail,VDD_CORE,,,
BG45,46,44,17.000,-19.000,ground,GND,,,
BG46,46,45,18.000,-19.000,rail,VDD_CORE,,,
BG47,46,46,19.000,-19.000,ground,GND,,,
BG48,46,47,20.000,-19.000,rail,VDD_CORE,,,
BG49,46,48,21.000,-19.000,ground,GND,,,
BG50,46,49,22.000,-19.000,rail,VDD_CORE,,,
BG51,46,50,23.000,-19.000,ground,GND,,,
BG52,46,51,24.000,-19.000,rail,VDD_CORE,,,
BG53,46,52,25.000,-19.000,ground,GND,,,
BG54,46,53,26.000,-19.000,rail,VDD_CORE,,,
BG55,46,54,27.000,-19.000,ground,GND,,,
BH1,47,0,-27.000,-20.000,rail,VDD_CORE,,,
BH2,47,1,-26.000,-20.000,ground,GND,,,
BH3,47,2,-25.000,-20.000,rail,VDD_CORE,,,
BH4,47,3,-24.000,-20.000,ground,GND,,,
BH5,47,4,-23.000,-20.000,rail,VDD_CORE,,,
BH6,47,5,-22.000,-20.000,ground,GND,,,
BH7,47,6,-21.000,-20.000,rail,VDD_CORE,,,
BH8,47,7,-20.000,-20.000,ground,GND,,,
BH9,47,8,-19.000,-20.000,rail,VDD_CORE,,,
BH10,47,9,-18.000,-20.000,ground,GND,,,
BH11,47,10,-17.000,-20.000,rail,VDD_CORE,,,
BH12,47,11,-16.000,-20.000,ground,GND,,,
BH13,47,12,-15.000,-20.000,rail,VDD_CORE,,,
BH14,47,13,-14.000,-20.000,ground,GND,,,
BH15,47,14,-13.000,-20.000,rail,VDD_CORE,,,
BH16,47,15,-12.000,-20.000,ground,GND,,,
BH17,47,16,-11.000,-20.000,rail,VDD_CORE,,,
BH18,47,17,-10.000,-20.000,ground,GND,,,
BH19,47,18,-9.000,-20.000,rail,VDD_CORE,,,
BH20,47,19,-8.000,-20.000,ground,GND,,,
BH21,47,20,-7.000,-20.000,rail,VDD_CORE,,,
BH22,47,21,-6.000,-20.000,ground,GND,,,
BH23,47,22,-5.000,-20.000,rail,VDD_CORE,,,
BH24,47,23,-4.000,-20.000,ground,GND,,,
BH25,47,24,-3.000,-20.000,rail,VDD_CORE,,,
BH26,47,25,-2.000,-20.000,ground,GND,,,
BH27,47,26,-1.000,-20.000,rail,VDD_CORE,,,
BH28,47,27,0.000,-20.000,ground,GND,,,
BH29,47,28,1.000,-20.000,rail,VDD_CORE,,,
BH30,47,29,2.000,-20.000,ground,GND,,,
BH31,47,30,3.000,-20.000,rail,VDD_CORE,,,
BH32,47,31,4.000,-20.000,ground,GND,,,
BH33,47,32,5.000,-20.000,rail,VDD_CORE,,,
BH34,47,33,6.000,-20.000,ground,GND,,,
BH35,47,34,7.000,-20.000,rail,VDD_CORE,,,
BH36,47,35,8.000,-20.000,ground,GND,,,
BH37,47,36,9.000,-20.000,rail,VDD_CORE,,,
BH38,47,37,10.000,-20.000,ground,GND,,,
BH39,47,38,11.000,-20.000,rail,VDD_CORE,,,
BH40,47,39,12.000,-20.000,ground,GND,,,
BH41,47,40,13.000,-20.000,rail,VDD_CORE,,,
BH42,47,41,14.000,-20.000,ground,GND,,,
BH43,47,42,15.000,-20.000,rail,VDD_CORE,,,
BH44,47,43,16.000,-20.000,ground,GND,,,
BH45,47,44,17.000,-20.000,rail,VDD_CORE,,,
BH46,47,45,18.000,-20.000,ground,GND,,,
BH47,47,46,19.000,-20.000,rail,VDD_CORE,,,
BH48,47,47,20.000,-20.000,ground,GND,,,
BH49,47,48,21.000,-20.000,rail,VDD_CORE,,,
BH50,47,49,22.000,-20.000,ground,GND,,,
BH51,47,50,23.000,-20.000,rail,VDD_CORE,,,
BH52,47,51,24.000,-20.000,ground,GND,,,
BH53,47,52,25.000,-20.000,rail,VDD_CORE,,,
BH54,47,53,26.000,-20.000,ground,GND,,,
BH55,47,54,27.000,-20.000,rail,VDD_CORE,,,
BJ1,48,0,-27.000,-21.000,ground,GND,,,
BJ2,48,1,-26.000,-21.000,rail,VDD_CORE,,,
BJ3,48,2,-25.000,-21.000,ground,GND,,,
BJ4,48,3,-24.000,-21.000,rail,VDD_CORE,,,
BJ5,48,4,-23.000,-21.000,ground,GND,,,
BJ6,48,5,-22.000,-21.000,rail,VDD_CORE,,,
BJ7,48,6,-21.000,-21.000,ground,GND,,,
BJ8,48,7,-20.000,-21.000,rail,VDD_CORE,,,
BJ9,48,8,-19.000,-21.000,ground,GND,,,
BJ10,48,9,-18.000,-21.000,rail,VDD_CORE,,,
BJ11,48,10,-17.000,-21.000,ground,GND,,,
BJ12,48,11,-16.000,-21.000,rail,VDD_CORE,,,
BJ13,48,12,-15.000,-21.000,ground,GND,,,
BJ14,48,13,-14.000,-21.000,rail,VDD_CORE,,,
BJ15,48,14,-13.000,-21.000,ground,GND,,,
BJ16,48,15,-12.000,-21.000,rail,VDD_CORE,,,
BJ17,48,16,-11.000,-21.000,ground,GND,,,
BJ18,48,17,-10.000,-21.000,rail,VDD_CORE,,,
BJ19,48,18,-9.000,-21.000,ground,GND,,,
BJ20,48,19,-8.000,-21.000,rail,VDD_CORE,,,
BJ21,48,20,-7.000,-21.000,ground,GND,,,
BJ22,48,21,-6.000,-21.000,rail,VDD_CORE,,,
BJ23,48,22,-5.000,-21.000,ground,GND,,,
BJ24,48,23,-4.000,-21.000,rail,VDD_CORE,,,
BJ25,48,24,-3.000,-21.000,ground,GND,,,
BJ26,48,25,-2.000,-21.000,rail,VDD_CORE,,,
BJ27,48,26,-1.000,-21.000,ground,GND,,,
BJ28,48,27,0.000,-21.000,rail,VDD_CORE,,,
BJ29,48,28,1.000,-21.000,ground,GND,,,
BJ30,48,29,2.000,-21.000,rail,VDD_CORE,,,
BJ31,48,30,3.000,-21.000,ground,GND,,,
BJ32,48,31,4.000,-21.000,rail,VDD_CORE,,,
BJ33,48,32,5.000,-21.000,ground,GND,,,
BJ34,48,33,6.000,-21.000,rail,VDD_CORE,,,
BJ35,48,34,7.000,-21.000,ground,GND,,,
BJ36,48,35,8.000,-21.000,rail,VDD_CORE,,,
BJ37,48,36,9.000,-21.000,ground,GND,,,
BJ38,48,37,10.000,-21.000,rail,VDD_CORE,,,
BJ39,48,38,11.000,-21.000,ground,GND,,,
BJ40,48,39,12.000,-21.000,rail,VDD_CORE,,,
BJ41,48,40,13.000,-21.000,ground,GND,,,
BJ42,48,41,14.000,-21.000,rail,VDD_CORE,,,
BJ43,48,42,15.000,-21.000,ground,GND,,,
BJ44,48,43,16.000,-21.000,rail,VDD_CORE,,,
BJ45,48,44,17.000,-21.000,ground,GND,,,
BJ46,48,45,18.000,-21.000,rail,VDD_CORE,,,
BJ47,48,46,19.000,-21.000,ground,GND,,,
BJ48,48,47,20.000,-21.000,rail,VDD_CORE,,,
BJ49,48,48,21.000,-21.000,ground,GND,,,
BJ50,48,49,22.000,-21.000,rail,VDD_CORE,,,
BJ51,48,50,23.000,-21.000,ground,GND,,,
BJ52,48,51,24.000,-21.000,rail,VDD_CORE,,,
BJ53,48,52,25.000,-21.000,ground,GND,,,
BJ54,48,53,26.000,-21.000,rail,VDD_CORE,,,
BJ55,48,54,27.000,-21.000,ground,GND,,,
BK1,49,0,-27.000,-22.000,rail,VDD_CORE,,,
BK2,49,1,-26.000,-22.000,ground,GND,,,
BK3,49,2,-25.000,-22.000,rail,VDD_CORE,,,
BK4,49,3,-24.000,-22.000,ground,GND,,,
BK5,49,4,-23.000,-22.000,rail,VDD_CORE,,,
BK6,49,5,-22.000,-22.000,ground,GND,,,
BK7,49,6,-21.000,-22.000,rail,VDD_CORE,,,
BK8,49,7,-20.000,-22.000,ground,GND,,,
BK9,49,8,-19.000,-22.000,rail,VDD_CORE,,,
BK10,49,9,-18.000,-22.000,ground,GND,,,
BK11,49,10,-17.000,-22.000,rail,VDD_CORE,,,
BK12,49,11,-16.000,-22.000,ground,GND,,,
BK13,49,12,-15.000,-22.000,rail,VDD_CORE,,,
BK14,49,13,-14.000,-22.000,ground,GND,,,
BK15,49,14,-13.000,-22.000,rail,VDD_CORE,,,
BK16,49,15,-12.000,-22.000,ground,GND,,,
BK17,49,16,-11.000,-22.000,rail,VDD_CORE,,,
BK18,49,17,-10.000,-22.000,ground,GND,,,
BK19,49,18,-9.000,-22.000,rail,VDD_CORE,,,
BK20,49,19,-8.000,-22.000,ground,GND,,,
BK21,49,20,-7.000,-22.000,rail,VDD_CORE,,,
BK22,49,21,-6.000,-22.000,ground,GND,,,
BK23,49,22,-5.000,-22.000,rail,VDD_CORE,,,
BK24,49,23,-4.000,-22.000,ground,GND,,,
BK25,49,24,-3.000,-22.000,rail,VDD_CORE,,,
BK26,49,25,-2.000,-22.000,ground,GND,,,
BK27,49,26,-1.000,-22.000,rail,VDD_CORE,,,
BK28,49,27,0.000,-22.000,ground,GND,,,
BK29,49,28,1.000,-22.000,rail,VDD_CORE,,,
BK30,49,29,2.000,-22.000,ground,GND,,,
BK31,49,30,3.000,-22.000,rail,VDD_CORE,,,
BK32,49,31,4.000,-22.000,ground,GND,,,
BK33,49,32,5.000,-22.000,rail,VDD_CORE,,,
BK34,49,33,6.000,-22.000,ground,GND,,,
BK35,49,34,7.000,-22.000,rail,VDD_CORE,,,
BK36,49,35,8.000,-22.000,ground,GND,,,
BK37,49,36,9.000,-22.000,rail,VDD_CORE,,,
BK38,49,37,10.000,-22.000,ground,GND,,,
BK39,49,38,11.000,-22.000,rail,VDD_CORE,,,
BK40,49,39,12.000,-22.000,ground,GND,,,
BK41,49,40,13.000,-22.000,rail,VDD_CORE,,,
BK42,49,41,14.000,-22.000,ground,GND,,,
BK43,49,42,15.000,-22.000,rail,VDD_CORE,,,
BK44,49,43,16.000,-22.000,ground,GND,,,
BK45,49,44,17.000,-22.000,rail,VDD_CORE,,,
BK46,49,45,18.000,-22.000,ground,GND,,,
BK47,49,46,19.000,-22.000,rail,VDD_CORE,,,
BK48,49,47,20.000,-22.000,ground,GND,,,
BK49,49,48,21.000,-22.000,rail,VDD_CORE,,,
BK50,49,49,22.000,-22.000,ground,GND,,,
BK51,49,50,23.000,-22.000,rail,VDD_CORE,,,
BK52,49,51,24.000,-22.000,ground,GND,,,
BK53,49,52,25.000,-22.000,rail,VDD_CORE,,,
BK54,49,53,26.000,-22.000,ground,GND,,,
BK55,49,54,27.000,-22.000,rail,VDD_CORE,,,
BL1,50,0,-27.000,-23.000,ground,GND,,,
BL2,50,1,-26.000,-23.000,rail,VDD_CORE,,,
BL3,50,2,-25.000,-23.000,ground,GND,,,
BL4,50,3,-24.000,-23.000,rail,VDD_CORE,,,
BL5,50,4,-23.000,-23.000,ground,GND,,,
BL6,50,5,-22.000,-23.000,rail,VDD_CORE,,,
BL7,50,6,-21.000,-23.000,ground,GND,,,
BL8,50,7,-20.000,-23.000,rail,VDD_CORE,,,
BL9,50,8,-19.000,-23.000,ground,GND,,,
BL10,50,9,-18.000,-23.000,rail,VDD_CORE,,,
BL11,50,10,-17.000,-23.000,ground,GND,,,
BL12,50,11,-16.000,-23.000,rail,VDD_CORE,,,
BL13,50,12,-15.000,-23.000,ground,GND,,,
BL14,50,13,-14.000,-23.000,rail,VDD_CORE,,,
BL15,50,14,-13.000,-23.000,ground,GND,,,
BL16,50,15,-12.000,-23.000,rail,VDD_CORE,,,
BL17,50,16,-11.000,-23.000,ground,GND,,,
BL18,50,17,-10.000,-23.000,rail,VDD_CORE,,,
BL19,50,18,-9.000,-23.000,ground,GND,,,
BL20,50,19,-8.000,-23.000,rail,VDD_CORE,,,
BL21,50,20,-7.000,-23.000,ground,GND,,,
BL22,50,21,-6.000,-23.000,rail,VDD_CORE,,,
BL23,50,22,-5.000,-23.000,ground,GND,,,
BL24,50,23,-4.000,-23.000,rail,VDD_CORE,,,
BL25,50,24,-3.000,-23.000,ground,GND,,,
BL26,50,25,-2.000,-23.000,rail,VDD_CORE,,,
BL27,50,26,-1.000,-23.000,ground,GND,,,
BL28,50,27,0.000,-23.000,rail,VDD_CORE,,,
BL29,50,28,1.000,-23.000,ground,GND,,,
BL30,50,29,2.000,-23.000,rail,VDD_CORE,,,
BL31,50,30,3.000,-23.000,ground,GND,,,
BL32,50,31,4.000,-23.000,rail,VDD_CORE,,,
BL33,50,32,5.000,-23.000,ground,GND,,,
BL34,50,33,6.000,-23.000,rail,VDD_CORE,,,
BL35,50,34,7.000,-23.000,ground,GND,,,
BL36,50,35,8.000,-23.000,rail,VDD_CORE,,,
BL37,50,36,9.000,-23.000,ground,GND,,,
BL38,50,37,10.000,-23.000,rail,VDD_CORE,,,
BL39,50,38,11.000,-23.000,ground,GND,,,
BL40,50,39,12.000,-23.000,rail,VDD_CORE,,,
BL41,50,40,13.000,-23.000,ground,GND,,,
BL42,50,41,14.000,-23.000,rail,VDD_CORE,,,
BL43,50,42,15.000,-23.000,ground,GND,,,
BL44,50,43,16.000,-23.000,rail,VDD_CORE,,,
BL45,50,44,17.000,-23.000,ground,GND,,,
BL46,50,45,18.000,-23.000,rail,VDD_CORE,,,
BL47,50,46,19.000,-23.000,ground,GND,,,
BL48,50,47,20.000,-23.000,rail,VDD_CORE,,,
BL49,50,48,21.000,-23.000,ground,GND,,,
BL50,50,49,22.000,-23.000,rail,VDD_CORE,,,
BL51,50,50,23.000,-23.000,ground,GND,,,
BL52,50,51,24.000,-23.000,rail,VDD_CORE,,,
BL53,50,52,25.000,-23.000,ground,GND,,,
BL54,50,53,26.000,-23.000,rail,VDD_CORE,,,
BL55,50,54,27.000,-23.000,ground,GND,,,
BM1,51,0,-27.000,-24.000,rail,VDD_CORE,,,
BM2,51,1,-26.000,-24.000,ground,GND,,,
BM3,51,2,-25.000,-24.000,rail,VDD_CORE,,,
BM4,51,3,-24.000,-24.000,ground,GND,,,
BM5,51,4,-23.000,-24.000,rail,VDD_CORE,,,
BM6,51,5,-22.000,-24.000,ground,GND,,,
BM7,51,6,-21.000,-24.000,rail,VDD_CORE,,,
BM8,51,7,-20.000,-24.000,ground,GND,,,
BM9,51,8,-19.000,-24.000,rail,VDD_CORE,,,
BM10,51,9,-18.000,-24.000,ground,GND,,,
BM11,51,10,-17.000,-24.000,rail,VDD_CORE,,,
BM12,51,11,-16.000,-24.000,ground,GND,,,
BM13,51,12,-15.000,-24.000,rail,VDD_CORE,,,
BM14,51,13,-14.000,-24.000,ground,GND,,,
BM15,51,14,-13.000,-24.000,rail,VDD_CORE,,,
BM16,51,15,-12.000,-24.000,ground,GND,,,
BM17,51,16,-11.000,-24.000,rail,VDD_CORE,,,
BM18,51,17,-10.000,-24.000,ground,GND,,,
BM19,51,18,-9.000,-24.000,rail,VDD_CORE,,,
BM20,51,19,-8.000,-24.000,ground,GND,,,
BM21,51,20,-7.000,-24.000,rail,VDD_CORE,,,
BM22,51,21,-6.000,-24.000,ground,GND,,,
BM23,51,22,-5.000,-24.000,rail,VDD_CORE,,,
BM24,51,23,-4.000,-24.000,ground,GND,,,
BM25,51,24,-3.000,-24.000,rail,VDD_CORE,,,
BM26,51,25,-2.000,-24.000,ground,GND,,,
BM27,51,26,-1.000,-24.000,rail,VDD_CORE,,,
BM28,51,27,0.000,-24.000,ground,GND,,,
BM29,51,28,1.000,-24.000,rail,VDD_CORE,,,
BM30,51,29,2.000,-24.000,ground,GND,,,
BM31,51,30,3.000,-24.000,rail,VDD_CORE,,,
BM32,51,31,4.000,-24.000,ground,GND,,,
BM33,51,32,5.000,-24.000,rail,VDD_CORE,,,
BM34,51,33,6.000,-24.000,ground,GND,,,
BM35,51,34,7.000,-24.000,rail,VDD_CORE,,,
BM36,51,35,8.000,-24.000,ground,GND,,,
BM37,51,36,9.000,-24.000,rail,VDD_CORE,,,
BM38,51,37,10.000,-24.000,ground,GND,,,
BM39,51,38,11.000,-24.000,rail,VDD_CORE,,,
BM40,51,39,12.000,-24.000,ground,GND,,,
BM41,51,40,13.000,-24.000,rail,VDD_CORE,,,
BM42,51,41,14.000,-24.000,ground,GND,,,
BM43,51,42,15.000,-24.000,rail,VDD_CORE,,,
BM44,51,43,16.000,-24.000,ground,GND,,,
BM45,51,44,17.000,-24.000,rail,VDD_CORE,,,
BM46,51,45,18.000,-24.000,ground,GND,,,
BM47,51,46,19.000,-24.000,rail,VDD_CORE,,,
BM48,51,47,20.000,-24.000,ground,GND,,,
BM49,51,48,21.000,-24.000,rail,VDD_CORE,,,
BM50,51,49,22.000,-24.000,ground,GND,,,
BM51,51,50,23.000,-24.000,rail,VDD_CORE,,,
BM52,51,51,24.000,-24.000,ground,GND,,,
BM53,51,52,25.000,-24.000,rail,VDD_CORE,,,
BM54,51,53,26.000,-24.000,ground,GND,,,
BM55,51,54,27.000,-24.000,rail,VDD_CORE,,,
BN1,52,0,-27.000,-25.000,ground,GND,,,
BN2,52,1,-26.000,-25.000,rail,VDD_CORE,,,
BN3,52,2,-25.000,-25.000,ground,GND,,,
BN4,52,3,-24.000,-25.000,rail,VDD_CORE,,,
BN5,52,4,-23.000,-25.000,ground,GND,,,
BN6,52,5,-22.000,-25.000,rail,VDD_CORE,,,
BN7,52,6,-21.000,-25.000,ground,GND,,,
BN8,52,7,-20.000,-25.000,rail,VDD_CORE,,,
BN9,52,8,-19.000,-25.000,ground,GND,,,
BN10,52,9,-18.000,-25.000,rail,VDD_CORE,,,
BN11,52,10,-17.000,-25.000,ground,GND,,,
BN12,52,11,-16.000,-25.000,rail,VDD_CORE,,,
BN13,52,12,-15.000,-25.000,ground,GND,,,
BN14,52,13,-14.000,-25.000,rail,VDD_CORE,,,
BN15,52,14,-13.000,-25.000,ground,GND,,,
BN16,52,15,-12.000,-25.000,rail,VDD_CORE,,,
BN17,52,16,-11.000,-25.000,ground,GND,,,
BN18,52,17,-10.000,-25.000,rail,VDD_CORE,,,
BN19,52,18,-9.000,-25.000,ground,GND,,,
BN20,52,19,-8.000,-25.000,rail,VDD_CORE,,,
BN21,52,20,-7.000,-25.000,ground,GND,,,
BN22,52,21,-6.000,-25.000,rail,VDD_CORE,,,
BN23,52,22,-5.000,-25.000,ground,GND,,,
BN24,52,23,-4.000,-25.000,rail,VDD_CORE,,,
BN25,52,24,-3.000,-25.000,ground,GND,,,
BN26,52,25,-2.000,-25.000,rail,VDD_CORE,,,
BN27,52,26,-1.000,-25.000,ground,GND,,,
BN28,52,27,0.000,-25.000,rail,VDD_CORE,,,
BN29,52,28,1.000,-25.000,ground,GND,,,
BN30,52,29,2.000,-25.000,rail,VDD_CORE,,,
BN31,52,30,3.000,-25.000,ground,GND,,,
BN32,52,31,4.000,-25.000,rail,VDD_CORE,,,
BN33,52,32,5.000,-25.000,ground,GND,,,
BN34,52,33,6.000,-25.000,rail,VDD_CORE,,,
BN35,52,34,7.000,-25.000,ground,GND,,,
BN36,52,35,8.000,-25.000,rail,VDD_CORE,,,
BN37,52,36,9.000,-25.000,ground,GND,,,
BN38,52,37,10.000,-25.000,rail,VDD_CORE,,,
BN39,52,38,11.000,-25.000,ground,GND,,,
BN40,52,39,12.000,-25.000,rail,VDD_CORE,,,
BN41,52,40,13.000,-25.000,ground,GND,,,
BN42,52,41,14.000,-25.000,rail,VDD_CORE,,,
BN43,52,42,15.000,-25.000,ground,GND,,,
BN44,52,43,16.000,-25.000,rail,VDD_CORE,,,
BN45,52,44,17.000,-25.000,ground,GND,,,
BN46,52,45,18.000,-25.000,rail,VDD_CORE,,,
BN47,52,46,19.000,-25.000,ground,GND,,,
BN48,52,47,20.000,-25.000,rail,VDD_CORE,,,
BN49,52,48,21.000,-25.000,ground,GND,,,
BN50,52,49,22.000,-25.000,rail,VDD_CORE,,,
BN51,52,50,23.000,-25.000,ground,GND,,,
BN52,52,51,24.000,-25.000,rail,VDD_CORE,,,
BN53,52,52,25.000,-25.000,ground,GND,,,
BN54,52,53,26.000,-25.000,rail,VDD_CORE,,,
BN55,52,54,27.000,-25.000,ground,GND,,,
BP1,53,0,-27.000,-26.000,rail,VDD_CORE,,,
BP2,53,1,-26.000,-26.000,ground,GND,,,
BP3,53,2,-25.000,-26.000,rail,VDD_CORE,,,
BP4,53,3,-24.000,-26.000,ground,GND,,,
BP5,53,4,-23.000,-26.000,rail,VDD_CORE,,,
BP6,53,5,-22.000,-26.000,ground,GND,,,
BP7,53,6,-21.000,-26.000,rail,VDD_CORE,,,
BP8,53,7,-20.000,-26.000,ground,GND,,,
BP9,53,8,-19.000,-26.000,rail,VDD_CORE,,,
BP10,53,9,-18.000,-26.000,ground,GND,,,
BP11,53,10,-17.000,-26.000,rail,VDD_CORE,,,
BP12,53,11,-16.000,-26.000,ground,GND,,,
BP13,53,12,-15.000,-26.000,rail,VDD_CORE,,,
BP14,53,13,-14.000,-26.000,ground,GND,,,
BP15,53,14,-13.000,-26.000,rail,VDD_CORE,,,
BP16,53,15,-12.000,-26.000,ground,GND,,,
BP17,53,16,-11.000,-26.000,rail,VDD_CORE,,,
BP18,53,17,-10.000,-26.000,ground,GND,,,
BP19,53,18,-9.000,-26.000,rail,VDD_CORE,,,
BP20,53,19,-8.000,-26.000,ground,GND,,,
BP21,53,20,-7.000,-26.000,rail,VDD_CORE,,,
BP22,53,21,-6.000,-26.000,ground,GND,,,
BP23,53,22,-5.000,-26.000,rail,VDD_CORE,,,
BP24,53,23,-4.000,-26.000,ground,GND,,,
BP25,53,24,-3.000,-26.000,rail,VDD_CORE,,,
BP26,53,25,-2.000,-26.000,ground,GND,,,
BP27,53,26,-1.000,-26.000,rail,VDD_CORE,,,
BP28,53,27,0.000,-26.000,ground,GND,,,
BP29,53,28,1.000,-26.000,rail,VDD_CORE,,,
BP30,53,29,2.000,-26.000,ground,GND,,,
BP31,53,30,3.000,-26.000,rail,VDD_CORE,,,
BP32,53,31,4.000,-26.000,ground,GND,,,
BP33,53,32,5.000,-26.000,rail,VDD_CORE,,,
BP34,53,33,6.000,-26.000,ground,GND,,,
BP35,53,34,7.000,-26.000,rail,VDD_CORE,,,
BP36,53,35,8.000,-26.000,ground,GND,,,
BP37,53,36,9.000,-26.000,rail,VDD_CORE,,,
BP38,53,37,10.000,-26.000,ground,GND,,,
BP39,53,38,11.000,-26.000,rail,VDD_CORE,,,
BP40,53,39,12.000,-26.000,ground,GND,,,
BP41,53,40,13.000,-26.000,rail,VDD_CORE,,,
BP42,53,41,14.000,-26.000,ground,GND,,,
BP43,53,42,15.000,-26.000,rail,VDD_CORE,,,
BP44,53,43,16.000,-26.000,ground,GND,,,
BP45,53,44,17.000,-26.000,rail,VDD_CORE,,,
BP46,53,45,18.000,-26.000,ground,GND,,,
BP47,53,46,19.000,-26.000,rail,VDD_CORE,,,
BP48,53,47,20.000,-26.000,ground,GND,,,
BP49,53,48,21.000,-26.000,rail,VDD_CORE,,,
BP50,53,49,22.000,-26.000,ground,GND,,,
BP51,53,50,23.000,-26.000,rail,VDD_CORE,,,
BP52,53,51,24.000,-26.000,ground,GND,,,
BP53,53,52,25.000,-26.000,rail,VDD_CORE,,,
BP54,53,53,26.000,-26.000,ground,GND,,,
BP55,53,54,27.000,-26.000,rail,VDD_CORE,,,
BR1,54,0,-27.000,-27.000,ground,GND,,,
BR2,54,1,-26.000,-27.000,rail,VDD_CORE,,,
BR3,54,2,-25.000,-27.000,signal,mgmt,SCLK,,
BR4,54,3,-24.000,-27.000,signal,mgmt,MOSI,,
BR5,54,4,-23.000,-27.000,signal,mgmt,MISO,,
BR6,54,5,-22.000,-27.000,signal,mgmt,CS,,
BR7,54,6,-21.000,-27.000,ground,GND,,,
BR8,54,7,-20.000,-27.000,signal,mgmt,IRQ,,
BR9,54,8,-19.000,-27.000,signal,jtag,TCK,,
BR10,54,9,-18.000,-27.000,signal,jtag,TMS,,
BR11,54,10,-17.000,-27.000,signal,jtag,TDI,,
BR12,54,11,-16.000,-27.000,ground,GND,,,
BR13,54,12,-15.000,-27.000,signal,jtag,TDO,,
BR14,54,13,-14.000,-27.000,signal,jtag,TRST,,
BR15,54,14,-13.000,-27.000,signal,refclk,CLK_P,,
BR16,54,15,-12.000,-27.000,signal,refclk,CLK_N,,
BR17,54,16,-11.000,-27.000,ground,GND,,,
BR18,54,17,-10.000,-27.000,signal,strap,MODE0,,
BR19,54,18,-9.000,-27.000,signal,strap,MODE1,,
BR20,54,19,-8.000,-27.000,rail,VDD_CORE,,,
BR21,54,20,-7.000,-27.000,ground,GND,,,
BR22,54,21,-6.000,-27.000,rail,VDD_CORE,,,
BR23,54,22,-5.000,-27.000,ground,GND,,,
BR24,54,23,-4.000,-27.000,rail,VDD_CORE,,,
BR25,54,24,-3.000,-27.000,ground,GND,,,
BR26,54,25,-2.000,-27.000,rail,VDD_CORE,,,
BR27,54,26,-1.000,-27.000,ground,GND,,,
BR28,54,27,0.000,-27.000,rail,VDD_CORE,,,
BR29,54,28,1.000,-27.000,ground,GND,,,
BR30,54,29,2.000,-27.000,rail,VDD_CORE,,,
BR31,54,30,3.000,-27.000,ground,GND,,,
BR32,54,31,4.000,-27.000,rail,VDD_CORE,,,
BR33,54,32,5.000,-27.000,ground,GND,,,
BR34,54,33,6.000,-27.000,rail,VDD_CORE,,,
BR35,54,34,7.000,-27.000,ground,GND,,,
BR36,54,35,8.000,-27.000,rail,VDD_CORE,,,
BR37,54,36,9.000,-27.000,ground,GND,,,
BR38,54,37,10.000,-27.000,rail,VDD_CORE,,,
BR39,54,38,11.000,-27.000,ground,GND,,,
BR40,54,39,12.000,-27.000,rail,VDD_CORE,,,
BR41,54,40,13.000,-27.000,ground,GND,,,
BR42,54,41,14.000,-27.000,rail,VDD_CORE,,,
BR43,54,42,15.000,-27.000,ground,GND,,,
BR44,54,43,16.000,-27.000,rail,VDD_CORE,,,
BR45,54,44,17.000,-27.000,ground,GND,,,
BR46,54,45,18.000,-27.000,rail,VDD_CORE,,,
BR47,54,46,19.000,-27.000,ground,GND,,,
BR48,54,47,20.000,-27.000,rail,VDD_CORE,,,
BR49,54,48,21.000,-27.000,ground,GND,,,
BR50,54,49,22.000,-27.000,rail,VDD_CORE,,,
BR51,54,50,23.000,-27.000,ground,GND,,,
BR52,54,51,24.000,-27.000,rail,VDD_CORE,,,
BR53,54,52,25.000,-27.000,ground,GND,,,
BR54,54,53,26.000,-27.000,rail,VDD_CORE,,,
BR55,54,54,27.000,-27.000,ground,GND,,,
